,SYMBOL,LDCP,OPEN,HIGH,LOW,CLOSE,CHANGE,CHANGE (%)_x,VOLUME,MARKET CAP.,PRICE,CHANGE (%)_y,1-YEAR CH. (%) *,PE RATIO (TTM),DIVIDEND YIELD (%),FREE FLOAT,30D VOLUME AVG.
0,AABS,708.23,719.97,748.00,715.00,715.00,6.77,0.96%,"1,245",12.4B,715.00,0.96%,33.02%,20.88,5.41,1.7M,278
1,AATM,43.98,47.00,47.00,45.00,46.51,2.53,5.75%,501,2.1B,46.51,5.75%,2146.86%,25.42,0.00,926.2K,"2,600"
2,ABL,133.50,134.84,134.84,133.01,134.10,0.60,0.45%,"2,554",,,,,,,,
3,ABOT,"1,102.50","1,117.98","1,118.91","1,087.00","1,100.35",-2.15,-0.20%,"6,335",107.7B,"1,100.35",-0.19%,143.34%,20.58,0.81,21.1M,"43,127"
4,ACIETF,15.25,15.33,15.36,15.32,15.34,0.09,0.59%,"17,500",,,,,,,,
5,ACPL,254.97,257.00,257.00,251.53,253.73,-1.24,-0.49%,"38,537",34.9B,253.73,-0.49%,171.83%,16.08,1.48,27.5M,"78,588"
6,ADAMS,47.96,47.65,47.65,47.65,47.96,0.00,0.00%,32,829.3M,47.96,0.00%,26.04%,0.00,2.49,4.3M,"2,410"
7,ADMM,40.34,41.40,41.49,40.51,40.89,0.55,1.36%,"2,372",3.4B,40.89,1.36%,-14.47%,45.94,2.07,4.2M,"17,453"
8,AGHA,9.11,9.14,9.14,8.97,9.00,-0.11,-1.21%,"224,131",5.4B,9.00,-1.21%,-15.01%,0.00,0.00,302.4M,"723,804"
9,AGHA-APR,9.22,9.65,9.65,9.02,9.09,-0.13,-1.41%,"2,114,500",,,,,,,,
10,AGHA-MAR,9.12,9.70,9.70,8.90,8.99,-0.13,-1.43%,"5,248,500",,,,,,,,
11,AGHA-MAY,9.37,9.23,9.23,9.23,9.23,-0.14,-1.49%,"3,084,500",,,,,,,,
12,AGIC,31.99,31.98,32.20,31.60,31.71,-0.28,-0.88%,527,2.3B,31.71,-0.88%,50.57%,3.48,15.28,28.8M,"6,811"
13,AGIL,116.24,116.00,119.90,116.00,119.30,3.06,2.63%,"32,166",4.3B,119.30,2.63%,20.97%,0.00,0.00,21.6M,"34,342"
14,AGL,69.06,69.95,70.50,66.50,67.11,-1.95,-2.82%,"580,980",28.5B,67.11,-2.82%,148.19%,0.00,0.00,212.3M,"1,168,995"
15,AGL-APR,69.77,70.05,71.00,67.25,67.97,-1.80,-2.58%,"2,702,000",,,,,,,,
16,AGL-MAR,69.01,69.40,69.64,66.80,67.03,-1.98,-2.87%,"680,000",,,,,,,,
17,AGP,190.08,190.10,194.25,190.01,190.11,0.03,0.02%,"90,560",,,,,,,,
18,AGSML,5.76,5.72,5.90,5.72,5.76,0.00,0.00%,11,456.5M,5.76,0.00%,11.84%,0.00,0.00,19.8M,"5,000"
19,AGTL,535.98,537.45,537.45,530.02,532.51,-3.47,-0.65%,"7,317",30.9B,532.51,-0.65%,55.69%,8.71,0.00,3.7M,"10,519"
20,AHCL,10.97,11.40,12.07,10.98,11.58,0.61,5.56%,"20,574,938",48.8B,11.58,5.56%,-69.51%,0.24,10.01,632.5M,"361,390"
21,AHL,61.67,61.50,65.99,61.50,65.23,3.56,5.77%,"156,429",4.3B,65.23,5.77%,45.93%,4.56,8.77,16.3M,"88,013"
22,AICL,46.85,47.50,47.50,46.10,46.59,-0.26,-0.55%,"46,539",16.3B,46.59,-0.55%,33.65%,4.04,6.01,262.5M,"513,542"
23,AICL-APR,47.00,46.96,46.96,46.90,46.90,-0.10,-0.21%,"875,500",,,,,,,,
24,AICL-MAR,46.52,45.52,46.50,45.52,45.95,-0.57,-1.23%,"902,500",,,,,,,,
25,AIRLINK,175.89,175.50,177.00,172.50,173.68,-2.21,-1.26%,"527,457",68.7B,173.68,-1.26%,186.74%,20.40,1.82,118.6M,"1,245,590"
26,AIRLINK-APRB,177.90,177.81,178.44,174.77,175.47,-2.43,-1.37%,"1,017,000",,,,,,,,
27,AIRLINK-MARB,176.15,176.00,176.59,172.00,173.22,-2.93,-1.66%,"1,021,500",,,,,,,,
28,AKBL,39.00,39.25,40.40,38.60,39.06,0.06,0.15%,"1,047,686",56.6B,39.06,0.15%,93.85%,2.69,7.84,434.8M,"577,236"
29,AKBL-APRB,39.60,43.48,43.48,38.95,40.31,0.71,1.79%,"3,369,500",,,,,,,,
30,AKBL-MARB,40.43,43.50,43.50,38.80,39.06,-1.37,-3.39%,"3,535,500",,,,,,,,
31,AKDHL,150.50,149.99,149.99,145.01,147.64,-2.86,-1.90%,189,370.2M,147.64,-1.90%,13.55%,57.22,0.00,1.0M,414
32,AKDSL,20.00,20.39,20.39,19.90,20.00,0.00,0.00%,"131,788",11.2B,20.00,0.00%,6.95%,4.09,12.91,27.9M,"141,597"
33,AKGL,45.10,42.00,42.00,42.00,45.10,0.00,0.00%,490,451.0M,45.10,0.00%,49.83%,17.55,0.00,1.0M,675
34,ALAC,4.90,5.00,5.25,5.00,5.18,0.28,5.71%,"10,001",777.9M,5.18,5.71%,3.60%,0.00,0.00,52.6M,"20,203"
35,ALIFE,26.17,26.10,26.48,25.70,25.97,-0.20,-0.76%,"33,650",6.5B,25.97,-0.76%,-7.25%,4.18,6.46,25.0M,"316,131"
36,ALNRS,74.34,72.55,75.00,72.50,72.95,-1.39,-1.87%,692,1.5B,72.95,-1.87%,-18.94%,0.00,0.00,6.1M,440
37,ALTN,13.45,13.35,13.50,13.01,13.37,-0.08,-0.59%,"638,639",4.9B,13.37,-0.60%,-36.64%,1.60,74.97,90.8M,"2,235,548"
38,AMBL,11.17,11.12,11.96,11.12,11.17,0.00,0.00%,10,4.8B,11.17,0.00%,-25.78%,0.00,0.00,21.4M,336
39,AMTEX,2.83,2.90,2.94,2.79,2.81,-0.02,-0.71%,"12,521",,,,,,,,
40,ANL,8.03,8.03,8.19,8.00,8.03,0.00,0.00%,"156,049",3.9B,8.03,0.00%,12.78%,9.13,0.00,242.7M,"636,703"
41,APL,452.11,454.96,456.00,449.10,453.83,1.72,0.38%,"26,103",56.5B,453.83,0.38%,20.75%,5.07,3.16,24.9M,"46,093"
42,ARCTM,20.17,20.59,21.49,18.21,19.36,-0.81,-4.02%,"5,335",255.1M,19.36,-4.02%,23.31%,2.31,0.00,2.6M,"9,156"
43,ARPL,479.75,480.03,481.09,461.00,480.00,0.25,0.05%,486,16.6B,480.00,0.05%,14.57%,0.00,0.00,8.6M,"8,385"
44,ARUJ,8.04,7.90,8.10,7.90,8.08,0.04,0.50%,502,,,,,,,,
45,ASC,7.36,7.36,7.38,7.17,7.23,-0.13,-1.77%,"124,584",,,,,,,,
46,ASHT,14.35,14.89,14.89,14.89,14.35,0.00,0.00%,10,668.2M,14.35,0.00%,28.82%,0.00,0.00,2.3M,"1,374"
47,ASL,10.02,9.97,10.08,9.83,9.89,-0.13,-1.30%,"301,543",9.1B,9.89,-1.30%,46.95%,0.00,0.00,325.5M,"3,323,562"
48,ASL-APR,10.06,10.07,10.12,10.02,10.03,-0.03,-0.30%,"2,842,500",,,,,,,,
49,ASL-MAR,9.96,9.96,10.00,9.79,9.85,-0.11,-1.10%,"3,043,000",,,,,,,,
50,ASTL,21.01,21.00,21.32,20.50,20.53,-0.48,-2.28%,"52,982",6.1B,20.53,-2.28%,-6.08%,0.00,0.00,74.3M,"339,827"
51,ASTM,16.67,16.70,16.70,15.32,16.00,-0.67,-4.02%,"6,369",242.8M,16.00,-4.02%,23.55%,4.36,0.00,2.3M,"39,409"
52,ATBA,342.87,341.00,345.50,337.00,338.65,-4.22,-1.23%,"15,565",11.9B,338.65,-1.23%,35.43%,9.60,5.25,7.0M,"37,707"
53,ATIL,57.87,57.87,59.00,56.25,57.73,-0.14,-0.24%,"19,215",,,,,,,,
54,ATLH,942.33,941.00,945.00,935.00,943.66,1.33,0.14%,"5,803",117.1B,943.66,0.14%,139.05%,8.20,7.69,12.4M,"11,936"
55,ATRL,654.73,655.00,663.95,646.00,647.31,-7.42,-1.13%,"414,473",69.0B,647.31,-1.13%,78.31%,4.39,2.46,42.6M,"638,940"
56,ATRL-APR,662.34,657.15,669.99,652.00,653.78,-8.56,-1.29%,"200,000",,,,,,,,
57,ATRL-MARB,656.28,652.00,663.44,645.00,646.53,-9.75,-1.49%,"202,000",,,,,,,,
58,AVN,52.62,53.19,53.50,52.00,52.23,-0.39,-0.74%,"1,573,003",21.8B,52.23,-0.74%,0.58%,24.52,3.92,124.5M,"966,376"
59,AVN-APR,53.18,53.51,54.04,52.55,52.83,-0.35,-0.66%,"982,000",,,,,,,,
60,AVN-MAR,52.53,53.00,53.45,51.60,52.23,-0.30,-0.57%,"1,096,500",,,,,,,,
61,AWTX,"1,299.95","1,429.95","1,429.95","1,429.95","1,299.95",0.00,0.00%,10,1.0B,"1,299.95",0.00%,-3.85%,0.00,0.00,2.9K,4
62,BAFL,73.88,74.98,74.98,71.50,73.13,-0.75,-1.02%,"2,047,192",,,,,,,,
63,BAFL-APRB,74.90,73.99,74.33,73.95,74.00,-0.90,-1.20%,"202,500",,,,,,,,
64,BAFL-MARB,73.72,74.00,74.00,72.32,73.00,-0.72,-0.98%,"51,500",,,,,,,,
65,BAFLTFC6,99.45,91.00,91.00,91.00,99.45,0.00,0.00%,1,,,,,,,,
66,BAHL,142.43,143.78,144.00,141.00,142.26,-0.17,-0.12%,"483,925",158.1B,142.26,-0.12%,72.92%,3.97,12.93,778.0M,"251,679"
67,BAHL-APRB,142.99,143.00,143.00,143.00,143.00,0.01,0.01%,"1,619,000",,,,,,,,
68,BAHL-MARB,142.49,0.00,0.00,0.00,142.26,-0.23,-0.16%,"1,609,000",,,,,,,,
69,BAPL,23.81,24.49,24.49,23.35,23.42,-0.39,-1.64%,"6,195",,,,,,,,
70,BATA,"1,732.43","1,732.43","1,777.80","1,720.00","1,734.28",1.85,0.11%,"1,023",13.1B,"1,734.28",0.11%,3.17%,15.41,6.44,1.8M,721
71,BBFL,50.00,50.00,50.45,49.50,50.14,0.14,0.28%,"1,334,517",15.0B,50.14,0.28%,0.28%,14.58,0.00,104.6M,"3,246,019"
72,BCL,88.11,88.41,90.38,88.00,88.04,-0.07,-0.08%,"17,299",1.0B,88.04,-0.08%,-23.16%,0.00,0.00,6.3M,"23,728"
73,BECO,8.98,8.93,8.93,8.80,8.80,-0.18,-2.00%,"16,982",1.1B,8.80,-2.00%,64.49%,48.89,0.00,31.2M,"169,700"
74,BELA,167.91,167.00,180.00,159.00,165.25,-2.66,-1.58%,"3,449",,,,,,,,
75,BERG,100.36,100.55,101.47,100.00,100.01,-0.35,-0.35%,"6,150",2.5B,100.01,-0.35%,40.72%,8.73,3.70,9.8M,"85,938"
76,BFAGRO,26.25,26.26,26.50,25.99,26.05,-0.20,-0.76%,"475,811",8.1B,26.05,-0.76%,-0.76%,0.00,0.00,77.5M,"2,446,768"
77,BFBIO,165.09,166.50,167.00,164.83,166.57,1.48,0.90%,"325,453",14.7B,166.57,0.90%,0.90%,0.00,0.00,26.5M,"1,649,755"
78,BFMOD,7.19,7.36,7.36,7.24,7.19,0.00,0.00%,200,54.0M,7.19,0.00%,30.73%,2.93,0.00,2.3M,"13,146"
79,BGL,10.02,10.01,10.23,10.01,10.06,0.04,0.40%,"82,140",6.4B,10.06,0.40%,21.06%,0.00,0.00,39.2M,"539,430"
80,BHAT,795.00,799.98,799.98,799.98,795.00,0.00,0.00%,1,2.4B,795.00,0.00%,-24.64%,0.00,0.00,152.0K,75
81,BIFO,170.09,172.85,172.85,170.50,171.00,0.91,0.54%,"18,917",7.9B,171.00,0.53%,64.42%,66.80,2.29,13.9M,"21,466"
82,BILF,17.10,17.97,17.97,16.50,17.05,-0.05,-0.29%,"6,680",,,,,,,,
83,BIPL,21.05,21.10,21.85,21.01,21.65,0.60,2.85%,"1,145,437",,,,,,,,
84,BIPL-APRB,21.33,21.43,22.00,21.43,21.81,0.48,2.25%,"351,500",,,,,,,,
85,BIPL-MARB,20.90,21.21,21.22,21.21,21.22,0.32,1.53%,"4,000",,,,,,,,
86,BIPL-MAYB,21.66,0.00,0.00,0.00,22.21,0.55,2.54%,"14,000",,,,,,,,
87,BML,3.73,3.70,3.75,3.51,3.67,-0.06,-1.61%,"1,028,763",24.3B,3.67,-1.61%,73.93%,0.00,0.00,993.3M,"3,986,936"
88,BML-MAR,3.77,2.99,3.50,2.99,3.50,-0.27,-7.16%,"99,000",,,,,,,,
89,BNL,23.55,24.00,24.10,21.90,22.46,-1.09,-4.63%,"1,064,987",1.5B,22.46,-4.63%,71.58%,0.00,0.00,33.4M,"924,100"
90,BNWM,34.72,34.72,34.72,34.13,34.19,-0.53,-1.53%,"3,705",325.0M,34.19,-1.53%,40.70%,3.08,0.00,4.8M,"33,240"
91,BOK,14.82,14.82,15.00,13.62,14.63,-0.19,-1.28%,"11,100",,,,,,,,
92,BOP,10.98,11.10,11.10,10.76,10.82,-0.16,-1.46%,"12,408,468",,,,,,,,
93,BOP-APRB,11.14,11.20,11.20,10.90,10.98,-0.16,-1.44%,"9,410,000",,,,,,,,
94,BOP-MARB,10.99,10.70,11.03,10.70,10.80,-0.19,-1.73%,"10,179,000",,,,,,,,
95,BRRG,22.40,22.00,22.45,22.00,22.40,0.00,0.00%,450,2.1B,22.40,0.00%,54.59%,2.13,2.21,47.5M,"21,599"
96,BTL,291.50,291.50,291.50,291.50,291.50,0.00,0.00%,3,1.9B,291.50,0.00%,-8.85%,0.00,0.00,964.8K,163
97,BUXL,141.52,141.21,141.21,138.00,141.18,-0.34,-0.24%,511,203.3M,141.18,-0.24%,59.11%,63.31,0.00,576.0K,"1,385"
98,BWCL,382.42,383.00,384.50,380.01,384.00,1.58,0.41%,"3,333",229.0B,384.00,0.41%,91.98%,12.41,6.13,29.8M,"22,462"
99,BWHL,135.50,135.50,137.00,135.50,136.25,0.75,0.55%,"5,329",1.8B,136.25,0.55%,-17.42%,7.22,8.39,7.3M,"4,728"
100,CASH,34.00,37.00,37.00,32.21,34.00,0.00,0.00%,41,365.3M,34.00,0.00%,90.16%,37.36,0.00,1.6M,"6,809"
101,CENI,48.49,48.50,48.50,47.59,48.09,-0.40,-0.82%,"15,090",2.7B,48.09,-0.83%,71.87%,4.55,15.79,13.8M,"20,708"
102,CEPB,25.40,25.70,25.80,25.01,25.40,0.00,0.00%,"397,065",10.2B,25.40,0.00%,-10.56%,27.91,0.00,140.6M,"291,303"
103,CEPB-APR,26.00,25.30,26.25,25.30,25.59,-0.41,-1.58%,"821,500",,,,,,,,
104,CEPB-MAR,25.47,25.50,28.00,24.75,25.32,-0.15,-0.59%,"944,000",,,,,,,,
105,CEPB-MAY,26.13,0.00,0.00,0.00,26.05,-0.08,-0.31%,"6,000",,,,,,,,
106,CHAS,69.90,66.00,69.69,66.00,67.09,-2.81,-4.02%,643,1.9B,67.09,-4.02%,6.49%,0.00,0.00,4.3M,"5,720"
107,CHBL,7.13,7.33,7.48,7.29,7.39,0.26,3.65%,"7,100",849.9M,7.39,3.65%,206.64%,0.00,0.00,38.3M,"177,778"
108,CHCC,250.95,251.00,254.00,248.00,250.00,-0.95,-0.38%,"352,936",48.6B,250.00,-0.38%,64.01%,6.70,2.01,116.6M,"474,492"
109,CHCC-APRB,251.07,256.00,256.00,252.00,252.00,0.93,0.37%,"10,500",,,,,,,,
110,CHCC-MARB,251.68,251.00,251.50,243.40,243.40,-8.28,-3.29%,"16,500",,,,,,,,
111,CJPL,3.67,3.79,3.79,3.70,3.77,0.10,2.72%,"5,536",,,,,,,,
112,CLCPS,2.97,3.02,3.02,2.62,2.82,-0.15,-5.05%,"19,074",,,,,,,,
113,CLOV,46.27,46.25,47.00,46.00,46.22,-0.05,-0.11%,"95,092",,,,,,,,
114,CLVL,13.76,13.40,13.40,12.50,12.91,-0.85,-6.18%,"13,764",930.9M,12.91,-6.18%,82.60%,0.00,0.00,14.4M,"10,694"
115,CNERGY,8.00,8.00,8.41,7.95,8.26,0.26,3.25%,"45,500,561",45.4B,8.26,3.25%,82.74%,10.73,0.00,1.6B,"21,369,406"
116,CNERGY-APR,8.10,8.10,8.52,8.10,8.39,0.29,3.58%,"11,698,500",,,,,,,,
117,CNERGY-MAR,8.00,8.00,8.43,8.00,8.23,0.23,2.88%,"6,403,000",,,,,,,,
118,COLG,"1,437.01","1,445.98","1,445.99","1,430.00","1,431.18",-5.83,-0.41%,"6,145",347.5B,"1,431.18",-0.41%,7.62%,17.71,4.42,24.3M,"9,621"
119,CPHL,88.57,88.85,89.20,86.89,87.07,-1.50,-1.69%,"1,310,940",19.9B,87.07,-1.69%,275.14%,24.19,4.77,80.0M,"6,097,817"
120,CPHL-APR,89.60,90.00,90.00,87.72,88.01,-1.59,-1.77%,"1,738,500",,,,,,,,
121,CPHL-MAR,88.61,88.99,89.00,86.52,87.03,-1.58,-1.78%,"2,396,000",,,,,,,,
122,CPPL,105.77,106.00,106.01,105.51,105.71,-0.06,-0.06%,"26,089",5.2B,105.71,-0.06%,-13.66%,5.25,3.27,29.5M,"51,639"
123,CRTM,13.71,13.67,13.78,13.60,13.73,0.02,0.15%,"43,186",1.4B,13.73,0.15%,-7.10%,0.00,0.00,60.0M,"77,379"
124,CSAP,104.89,105.45,105.45,103.71,104.05,-0.84,-0.80%,"160,826",8.1B,104.05,-0.80%,53.94%,6.45,5.24,38.8M,"511,858"
125,CSAP-APRB,106.00,106.01,106.01,105.00,105.07,-0.93,-0.88%,"5,500",,,,,,,,
126,CSAP-MARB,105.00,102.00,107.59,101.00,103.33,-1.67,-1.59%,"29,000",,,,,,,,
127,CSIL,2.70,2.73,2.79,2.65,2.68,-0.02,-0.74%,"252,197",288.6M,2.68,-0.74%,-10.07%,5.25,0.00,106.2M,"565,208"
128,CTM,3.80,3.88,3.88,3.64,3.65,-0.15,-3.95%,"8,090",1.8B,3.65,-3.95%,32.73%,0.00,0.00,49.8M,"42,983"
129,CWSM,48.04,48.88,48.88,46.92,47.03,-1.01,-2.10%,"319,143",,,,,,,,
130,CYAN,30.99,31.50,31.87,30.69,31.47,0.48,1.55%,"9,844",1.9B,31.47,1.55%,26.39%,3.47,13.15,12.3M,"14,995"
131,DAAG,96.62,104.90,106.28,101.25,106.28,9.66,10.00%,"7,767",425.1M,106.28,10.00%,661.86%,265.70,0.00,800.0K,"3,222"
132,DADX,61.49,61.78,62.50,60.01,62.16,0.67,1.09%,"6,375",669.1M,62.16,1.09%,83.47%,0.00,0.00,538.2K,"31,818"
133,DBCI,4.75,4.70,4.85,4.70,4.73,-0.02,-0.42%,"12,510",,,,,,,,
134,DCL,9.15,9.15,9.25,9.02,9.06,-0.09,-0.98%,"1,237,261",4.4B,9.06,-0.98%,35.02%,0.00,0.00,121.0M,"2,267,714"
135,DCL-APR,9.20,9.20,9.60,9.06,9.16,-0.04,-0.43%,"432,000",,,,,,,,
136,DCL-MAR,9.13,9.10,9.25,9.01,9.11,-0.02,-0.22%,"646,000",,,,,,,,
137,DCR,24.98,25.05,25.09,24.92,24.99,0.01,0.04%,"555,641",55.6B,24.99,0.04%,77.23%,5.69,9.43,555.9M,"522,700"
138,DEL,8.61,8.98,8.98,8.98,8.61,0.00,0.00%,5,236.8M,8.61,0.00%,77.16%,4.81,0.00,13.8M,"49,007"
139,DFML,44.67,44.95,45.00,44.20,44.60,-0.07,-0.16%,"1,732,510",6.2B,44.60,-0.16%,181.57%,0.00,0.00,55.5M,"3,918,068"
140,DFML-APR,45.25,45.47,45.50,44.70,45.16,-0.09,-0.20%,"2,752,500",,,,,,,,
141,DFML-MAR,44.73,44.60,44.99,42.72,44.53,-0.20,-0.45%,"3,179,000",,,,,,,,
142,DFSM,3.39,3.30,3.49,3.30,3.38,-0.01,-0.29%,"17,069",330.4M,3.38,-0.29%,12.67%,0.00,0.00,34.2M,"96,077"
143,DGKC,132.99,132.99,136.90,132.10,135.33,2.34,1.76%,"4,818,120",59.3B,135.33,1.76%,107.98%,19.67,0.00,197.2M,"7,434,061"
144,DGKC-APR,134.28,134.50,137.90,133.61,136.68,2.40,1.79%,"2,435,500",,,,,,,,
145,DGKC-MAR,132.97,134.00,137.97,131.76,134.89,1.92,1.44%,"1,926,000",,,,,,,,
146,DHPL,41.72,41.99,42.20,41.50,41.67,-0.05,-0.12%,"45,244",20.1B,41.67,-0.12%,-0.12%,0.00,0.00,336.9M,"145,657"
147,DIIL,30.75,33.83,33.83,33.83,33.83,3.08,10.02%,601,304.5M,33.83,10.02%,23.65%,0.00,0.00,1.4M,"1,040"
148,DINT,52.51,52.50,52.50,50.53,52.51,0.00,0.00%,23,2.8B,52.51,0.00%,-29.99%,0.00,0.00,7.9M,438
149,DLL,278.27,298.99,298.99,280.05,285.67,7.40,2.66%,289,16.9B,285.67,2.66%,29.88%,5.57,1.14,5.9M,804
150,DMTX,57.77,57.99,57.99,57.77,57.77,0.00,0.00%,400,,,,,,,,
151,DNCC,14.98,14.55,15.49,14.55,14.77,-0.21,-1.40%,"32,367",4.7B,14.77,-1.40%,18.16%,14.07,0.00,94.9M,"33,432"
152,DOL,24.07,24.01,26.01,24.00,25.19,1.12,4.65%,"3,825,081",4.4B,25.19,4.65%,27.74%,6.86,15.48,52.5M,"647,336"
153,DSIL,5.34,5.30,5.30,5.10,5.14,-0.20,-3.75%,"763,104",430.1M,5.14,-3.74%,80.35%,257.00,0.00,66.9M,"731,168"
154,DSL,6.20,6.12,6.25,6.02,6.12,-0.08,-1.29%,"472,010",,,,,,,,
155,DWAE,35.00,33.80,35.66,33.80,34.34,-0.66,-1.89%,"1,099",,,,,,,,
156,DWSM,5.70,5.70,5.80,5.70,5.80,0.10,1.75%,"12,946",,,,,,,,
157,DYNO,221.82,222.79,222.79,216.00,219.27,-2.55,-1.15%,"4,607",4.1B,219.27,-1.15%,23.88%,4.73,2.24,12.3M,"23,895"
158,ECOP,26.00,27.17,28.60,26.00,26.62,0.62,2.38%,"169,994",1.3B,26.62,2.39%,93.32%,4.68,6.33,38.6M,"30,292"
159,EFERT,207.40,207.50,209.90,207.00,207.58,0.18,0.09%,"920,485",,,,,,,,
160,EFERT-APRB,209.72,210.00,211.00,209.00,210.00,0.28,0.13%,"38,500",,,,,,,,
161,EFERT-MARB,207.50,208.00,208.50,207.00,207.50,0.00,0.00%,"26,500",,,,,,,,
162,EFUG,130.49,130.00,130.00,123.00,124.89,-5.60,-4.29%,"1,621",,,,,,,,
163,EFUL,151.34,153.70,153.70,152.97,152.97,1.63,1.08%,"10,450",,,,,,,,
164,ELCM,151.03,135.93,135.97,135.93,151.03,0.00,0.00%,184,196.3M,151.03,0.00%,106.89%,0.00,0.00,260.0K,344
165,EMCO,28.39,28.88,28.88,28.85,28.39,0.00,0.00%,448,993.6M,28.39,0.00%,-14.62%,0.00,0.00,10.5M,"1,927"
166,ENGROH,189.11,190.00,190.10,188.00,188.87,-0.24,-0.13%,"531,168",227.4B,188.87,-0.13%,33.00%,9.22,4.04,963.4M,"2,261,890"
167,EPCL,37.60,37.60,37.99,37.46,37.71,0.11,0.29%,"549,497",34.3B,37.71,0.29%,-16.14%,83.80,0.00,227.2M,"1,234,562"
168,EPCL-APR,38.00,38.00,39.00,37.80,38.09,0.09,0.24%,"525,500",,,,,,,,
169,EPCL-MAR,37.66,37.50,38.00,37.40,37.54,-0.12,-0.32%,"422,000",,,,,,,,
170,EPCLPS,11.30,11.01,11.01,11.01,11.01,-0.29,-2.57%,"1,000",,,,,,,,
171,EPQL,29.12,29.00,31.45,29.00,30.32,1.20,4.12%,"1,094,728",9.8B,30.32,4.12%,6.87%,4.59,22.46,97.1M,"421,112"
172,ESBL,5.10,5.10,5.29,5.07,5.25,0.15,2.94%,"7,710",711.9M,5.25,2.94%,31.58%,0.00,0.00,20.3M,"19,007"
173,EXIDE,859.49,855.11,869.98,850.00,853.99,-5.50,-0.64%,"9,281",6.6B,853.99,-0.64%,124.14%,7.32,1.25,1.9M,"13,427"
174,FABL,47.81,47.95,48.30,47.40,48.04,0.23,0.48%,"1,399,625",,,,,,,,
175,FABL-APRB,48.00,48.50,50.90,48.50,48.50,0.50,1.04%,"785,000",,,,,,,,
176,FABL-MARB,47.49,47.50,50.90,47.50,48.26,0.77,1.62%,"341,000",,,,,,,,
177,FANM,3.00,2.94,2.94,2.94,2.94,-0.06,-2.00%,815,67.9M,2.94,-2.00%,-2.00%,0.00,0.00,12.7M,"7,632"
178,FASM,323.08,315.00,322.00,300.60,323.08,0.00,0.00%,40,3.2B,323.08,0.00%,3.72%,0.00,0.00,1.0M,174
179,FATIMA,87.43,88.00,88.10,85.50,86.12,-1.31,-1.50%,"2,975,698",180.9B,86.12,-1.50%,121.50%,5.17,8.94,315.0M,"623,556"
180,FATIMA-APR,88.50,88.00,88.00,87.00,87.00,-1.50,-1.69%,"3,000",,,,,,,,
181,FATIMA-MAR,88.00,87.12,87.50,86.06,86.06,-1.94,-2.20%,"283,500",,,,,,,,
182,FCCL,46.12,46.47,47.15,46.09,46.41,0.29,0.63%,"14,246,294",113.8B,46.41,0.63%,173.16%,11.16,2.73,858.5M,"19,779,053"
183,FCCL-APR,46.49,46.50,47.50,46.50,46.88,0.39,0.84%,"7,549,000",,,,,,,,
184,FCCL-MAR,46.29,46.18,47.41,46.10,46.35,0.06,0.13%,"4,092,000",,,,,,,,
185,FCEPL,83.17,84.00,84.00,82.90,83.20,0.03,0.04%,"119,154",63.8B,83.20,0.04%,21.83%,28.99,3.14,76.7M,"768,498"
186,FCEPL-APR,84.50,83.99,84.00,83.00,83.16,-1.34,-1.59%,"61,500",,,,,,,,
187,FCEPL-APRB,81.47,82.50,82.50,81.51,81.77,0.30,0.37%,"95,000",,,,,,,,
188,FCEPL-MAR,83.14,83.70,84.00,82.75,83.10,-0.04,-0.05%,"78,500",,,,,,,,
189,FCIBL,8.00,7.37,7.48,7.00,7.15,-0.85,-10.62%,"19,691",464.8M,7.15,-10.62%,-7.02%,12.54,0.00,26.0M,805
190,FCL,24.30,24.45,24.49,24.02,24.15,-0.15,-0.62%,"413,729",15.2B,24.15,-0.62%,-0.62%,4.09,5.00,157.2M,"1,352,411"
191,FCSC,1.68,1.68,1.78,1.68,1.74,0.06,3.57%,"29,226",550.9M,1.74,3.57%,43.80%,0.00,0.00,174.1M,"354,516"
192,FDPL,2.45,2.47,2.49,2.30,2.33,-0.12,-4.90%,"28,056",345.7M,2.33,-4.90%,-9.69%,0.00,0.00,133.6M,"139,063"
193,FECM,10.00,9.51,11.00,9.51,11.00,1.00,10.00%,"26,662",124.7M,11.00,10.00%,101.10%,5.02,0.00,7.9M,"38,214"
194,FECTC,97.54,97.55,98.84,95.00,95.63,-1.91,-1.96%,"19,507",4.8B,95.63,-1.96%,225.49%,7.87,0.00,12.5M,"124,462"
195,FEM,2.95,2.98,2.98,2.98,2.98,0.03,1.02%,799,156.3M,2.98,1.02%,6.43%,0.00,0.00,36.7M,"50,263"
196,FEROZ,308.54,310.03,311.89,307.05,308.34,-0.20,-0.06%,"29,668",13.4B,308.34,-0.06%,37.92%,33.92,0.89,15.2M,"94,419"
197,FEROZ-APR,312.65,315.00,315.00,311.00,312.31,-0.34,-0.11%,"16,500",,,,,,,,
198,FEROZ-MAR,308.68,316.00,316.00,307.50,307.86,-0.82,-0.27%,"91,000",,,,,,,,
199,FFC,374.09,374.00,375.00,368.01,369.76,-4.33,-1.16%,"1,526,604",,,,,,,,
200,FFC-APRB,378.04,377.50,377.50,371.50,373.11,-4.93,-1.30%,"100,000",,,,,,,,
201,FFC-MARB,374.65,373.12,373.12,368.50,369.84,-4.81,-1.28%,"86,000",,,,,,,,
202,FFL,16.07,16.00,16.29,15.86,16.14,0.07,0.44%,"4,631,923",40.7B,16.14,0.44%,76.78%,57.64,0.00,504.0M,"8,365,359"
203,FFL-APR,16.25,16.05,16.46,16.05,16.30,0.05,0.31%,"3,762,500",,,,,,,,
204,FFL-MAR,16.08,16.20,16.28,15.85,16.11,0.03,0.19%,"5,414,000",,,,,,,,
205,FFLM,2.01,2.01,2.10,2.01,2.01,0.00,0.00%,403,53.1M,2.01,0.00%,-19.60%,0.00,0.00,17.2M,"5,474"
206,FHAM,21.00,21.00,21.09,20.51,20.63,-0.37,-1.76%,747,2.3B,20.63,-1.76%,162.80%,2.76,10.91,94.2M,"17,960"
207,FIBLM,2.90,2.79,2.90,2.79,2.90,0.00,0.00%,"1,909",62.9M,2.90,0.00%,-18.54%,6.04,0.00,16.3M,"38,942"
208,FIMM,189.00,170.10,199.96,170.10,189.00,0.00,0.00%,2,567.0M,189.00,0.00%,50.23%,7.90,7.10,600.0K,167
209,FLYNG,27.42,27.50,27.99,27.07,27.80,0.38,1.39%,"481,495",19.3B,27.80,1.39%,309.43%,0.00,0.00,243.2M,"2,614,892"
210,FLYNG-APR,27.70,27.55,28.00,27.50,27.90,0.20,0.72%,"725,000",,,,,,,,
211,FLYNG-MAR,27.43,26.55,27.71,26.50,27.53,0.10,0.36%,"1,107,500",,,,,,,,
212,FML,59.81,59.94,61.79,59.94,59.81,0.00,0.00%,107,23.9B,59.81,0.00%,-28.88%,0.00,0.00,39.9M,"5,503"
213,FNEL,3.39,3.44,3.44,3.34,3.38,-0.01,-0.29%,"161,495",903.4M,3.38,-0.29%,-8.89%,0.00,0.00,187.1M,"529,872"
214,FPJM,3.42,3.26,3.59,3.26,3.42,0.00,0.00%,"23,024",116.3M,3.42,0.00%,95.43%,0.00,0.00,13.6M,"528,681"
215,FPRM,8.61,8.00,8.69,8.00,8.00,-0.61,-7.08%,"1,510",110.3M,8.00,-7.08%,23.08%,4.08,0.00,6.2M,"3,466"
216,FRCL,22.44,22.60,22.79,21.85,22.73,0.29,1.29%,"6,288",860.9M,22.73,1.29%,29.89%,0.00,0.00,1.9M,"13,228"
217,FRSM,43.03,43.88,43.88,42.60,43.03,0.00,0.00%,"30,038",1.7B,43.03,0.00%,-36.44%,0.00,0.00,6.3M,"6,277"
218,FTMM,4.41,4.32,4.46,4.32,4.46,0.05,1.13%,"1,046",3.9B,4.46,1.13%,-15.05%,16.89,0.00,44.2M,"7,799"
219,FTSM,12.58,13.80,13.80,12.60,12.58,0.00,0.00%,213,266.2M,12.58,0.00%,81.01%,43.38,27.74,8.5M,"2,222"
220,FZCM,149.62,146.00,146.23,146.00,149.62,0.00,0.00%,15,4.5B,149.62,0.00%,3.90%,2.96,0.00,3.0M,215
221,GADT,260.28,279.00,286.25,271.00,274.15,13.87,5.33%,"5,391",7.7B,274.15,5.33%,59.34%,4.16,0.00,8.4M,"7,106"
222,GAL,469.56,471.89,488.40,466.00,485.71,16.15,3.44%,"2,437,399",27.7B,485.71,3.44%,436.81%,48.86,0.00,22.8M,"1,217,666"
223,GAL-APR,475.05,475.00,494.00,471.15,491.43,16.38,3.45%,"1,568,000",,,,,,,,
224,GAL-MAR,469.52,470.00,488.19,466.01,484.36,14.84,3.16%,"970,000",,,,,,,,
225,GAMON,27.77,29.60,30.30,24.99,26.52,-1.25,-4.50%,"20,204",749.6M,26.52,-4.50%,160.00%,17.92,0.00,3.6M,"10,867"
226,GATI,131.05,132.99,132.99,130.00,131.05,0.00,0.00%,115,14.2B,131.05,0.00%,-31.03%,0.00,0.00,10.9M,"4,443"
227,GATM,24.36,24.70,24.75,24.19,24.72,0.36,1.48%,"273,536",18.3B,24.72,1.48%,24.28%,4.13,0.00,185.0M,"325,042"
228,GATM-APR,24.64,24.72,24.95,24.48,24.92,0.28,1.14%,"882,500",,,,,,,,
229,GATM-MAR,24.56,24.40,24.82,24.25,24.60,0.04,0.16%,"890,000",,,,,,,,
230,GCIL,19.99,20.00,20.26,19.30,19.79,-0.20,-1.00%,"4,227,195",9.9B,19.79,-1.00%,91.76%,9.51,0.00,125.0M,"4,094,161"
231,GEMSPNL,20.13,19.99,20.90,19.99,20.84,0.71,3.53%,"5,001",,,,,,,,
232,GFIL,7.24,6.97,7.15,6.97,7.07,-0.17,-2.35%,"4,520",230.7M,7.07,-2.35%,2.17%,0.00,0.00,3.3M,"15,592"
233,GGGL,8.78,8.95,8.95,8.65,8.78,0.00,0.00%,"770,409",2.1B,8.78,0.00%,51.64%,9.15,0.00,120.0M,"4,550,992"
234,GGL,13.85,13.80,13.89,13.56,13.64,-0.21,-1.52%,"2,262,916",4.8B,13.64,-1.52%,36.40%,433.02,0.00,177.1M,"2,359,399"
235,GGL-APR,13.97,13.95,13.96,13.70,13.75,-0.22,-1.57%,"3,906,000",,,,,,,,
236,GGL-MAR,13.84,13.80,13.97,13.58,13.61,-0.23,-1.66%,"4,727,000",,,,,,,,
237,GHGL,33.98,33.98,34.60,33.05,33.25,-0.73,-2.15%,"255,440",33.2B,33.25,-2.15%,31.27%,5.30,3.09,349.9M,"779,154"
238,GHGL-MAR,34.10,34.01,34.01,34.01,34.01,-0.09,-0.26%,500,,,,,,,,
239,GHNI,757.89,763.00,769.00,750.00,764.27,6.38,0.84%,"727,777",32.6B,764.27,0.84%,384.85%,14.94,0.00,14.9M,"885,213"
240,GHNI-APR,767.84,767.84,776.00,760.00,770.05,2.21,0.29%,"733,000",,,,,,,,
241,GHNI-MAR,758.55,760.00,768.00,751.00,762.66,4.11,0.54%,"581,500",,,,,,,,
242,GLAXO,417.68,418.00,424.00,417.68,418.43,0.75,0.18%,"146,294",133.3B,418.43,0.18%,395.59%,20.39,2.52,63.7M,"238,030"
243,GLAXO-APR,426.00,426.00,427.00,425.00,425.00,-1.00,-0.23%,"7,500",,,,,,,,
244,GLAXO-MAR,421.00,418.00,418.00,418.00,418.00,-3.00,-0.71%,"10,000",,,,,,,,
245,GLPL,142.72,146.00,149.00,145.00,146.63,3.91,2.74%,234,4.7B,146.63,2.74%,-2.23%,59.61,0.00,3.2M,"1,594"
246,GOC,60.00,58.03,58.03,58.03,60.00,0.00,0.00%,1,440.9M,60.00,0.00%,27.12%,5.55,3.08,1.1M,874
247,GRR,15.70,15.70,15.72,15.00,15.50,-0.20,-1.27%,"309,850",2.2B,15.50,-1.27%,19.23%,9.12,11.98,42.0M,"36,662"
248,GRYL,4.95,4.98,4.98,4.98,4.95,0.00,0.00%,1,106.4M,4.95,0.00%,50.00%,5.94,0.00,2.2M,"2,714"
249,GSPM,3.40,3.57,3.57,3.50,3.56,0.16,4.71%,800,,,,,,,,
250,GTYR,41.19,41.14,41.31,40.92,40.96,-0.23,-0.56%,"161,216",5.0B,40.96,-0.56%,16.43%,53.19,3.65,48.8M,"179,177"
251,GUSM,8.26,8.25,8.95,8.25,8.95,0.69,8.35%,"1,401",,,,,,,,
252,GVGL,44.22,44.22,44.89,44.00,44.80,0.58,1.31%,"7,474",6.7B,44.80,1.31%,1.82%,7.07,3.81,29.4M,"39,866"
253,GWLC,42.81,42.81,43.70,42.64,43.05,0.24,0.56%,"265,161",17.2B,43.05,0.56%,85.24%,9.34,0.00,40.0M,"1,222,353"
254,HABSM,70.65,70.01,71.04,68.10,70.00,-0.65,-0.92%,826,9.5B,70.00,-0.92%,-5.41%,5.53,7.42,40.5M,"7,714"
255,HAEL,12.00,11.51,12.60,11.50,11.66,-0.34,-2.83%,"34,819",151.5M,11.66,-2.83%,55.47%,0.00,0.00,1.6M,"9,426"
256,HALEON,789.33,790.01,794.00,787.00,788.19,-1.14,-0.14%,"31,456",,,,,,,,
257,HASCOL,12.05,12.00,12.15,11.90,11.97,-0.08,-0.66%,"2,174,813",,,,,,,,
258,HBL,152.89,153.97,154.00,152.50,152.79,-0.10,-0.07%,"568,480",,,,,,,,
259,HBL-APRB,154.78,155.08,155.60,154.00,154.87,0.09,0.06%,"983,000",,,,,,,,
260,HBL-MARB,153.10,153.75,153.80,152.40,152.89,-0.21,-0.14%,"964,000",,,,,,,,
261,HBLTETF,115.85,115.65,115.65,115.65,115.65,-0.20,-0.17%,"6,600",,,,,,,,
262,HCAR,291.84,292.00,293.09,286.30,289.40,-2.44,-0.84%,"372,146",41.3B,289.40,-0.84%,34.44%,17.25,2.09,28.6M,"333,312"
263,HGFA,9.43,9.45,9.68,9.40,9.50,0.07,0.74%,"18,000",2.7B,9.50,0.74%,34.56%,0.00,0.00,265.1M,"68,712"
264,HICL,9.22,9.40,9.53,9.20,9.27,0.05,0.54%,"319,735",1.1B,9.27,0.54%,25.61%,6.92,10.42,68.1M,"136,112"
265,HIFA,3.48,3.34,3.48,3.33,3.43,-0.05,-1.44%,"7,248",974.5M,3.43,-1.44%,14.72%,0.00,10.15,241.5M,"184,884"
266,HINO,365.13,371.99,371.99,363.08,365.38,0.25,0.07%,"2,762",9.1B,365.38,0.07%,55.48%,320.51,0.00,2.5M,"3,916"
267,HINOON,885.32,904.90,950.00,880.00,917.69,32.37,3.66%,"103,656",48.6B,917.69,3.66%,78.36%,14.94,4.36,21.2M,"19,061"
268,HIRAT,3.08,3.17,3.17,3.01,3.01,-0.07,-2.27%,"89,227",,,,,,,,
269,HMB,88.94,90.00,90.00,88.50,89.99,1.05,1.18%,"44,091",,,,,,,,
270,HPL,"3,193.87","3,101.00","3,299.99","3,101.00","3,242.50",48.63,1.52%,75,,,,,,,,
271,HRPL,31.28,32.99,32.99,32.94,31.28,0.00,0.00%,77,1.3B,31.28,0.00%,-16.59%,0.00,0.00,8.0M,"2,236"
272,HTL,44.31,44.45,44.45,43.60,44.16,-0.15,-0.34%,"65,897",6.1B,44.16,-0.34%,92.25%,43.29,0.00,34.8M,"332,794"
273,HUBC,143.96,143.95,147.49,143.05,146.32,2.36,1.64%,"6,442,565",189.8B,146.32,1.64%,19.94%,5.83,12.22,972.9M,"6,061,581"
274,HUBC-APRB,145.02,144.30,148.59,144.30,147.74,2.72,1.88%,"1,338,000",,,,,,,,
275,HUBC-MARB,143.67,143.50,147.25,143.49,146.48,2.81,1.96%,"1,013,500",,,,,,,,
276,HUMNL,13.35,13.30,13.44,13.18,13.40,0.05,0.37%,"747,233",15.2B,13.40,0.38%,104.89%,5.43,0.00,567.0M,"1,078,552"
277,HUMNL-APR,13.61,13.35,13.95,13.35,13.54,-0.07,-0.51%,"1,479,000",,,,,,,,
278,HUMNL-MAR,13.40,13.25,14.00,13.16,13.40,0.00,0.00%,"1,270,500",,,,,,,,
279,HUSI,24.87,27.29,27.29,26.96,24.87,0.00,0.00%,11,264.3M,24.87,0.00%,46.29%,6.97,0.00,2.7M,"1,631"
280,HWQS,11.40,11.15,12.54,11.10,11.27,-0.13,-1.14%,"79,696",,,,,,,,
281,IBFL,354.94,350.99,360.60,350.99,358.22,3.28,0.92%,251,111.2B,358.22,0.92%,-1.84%,526.79,0.00,15.5M,433
282,IBLHL,37.47,37.82,37.82,36.90,37.10,-0.37,-0.99%,"95,842",3.2B,37.10,-0.99%,21.00%,0.00,0.00,21.4M,"93,175"
283,ICCI,11.90,11.70,12.45,11.30,12.03,0.13,1.09%,"38,881",360.9M,12.03,1.09%,533.16%,0.00,0.00,4.5M,"64,237"
284,ICIBL,1.39,1.40,1.47,1.33,1.40,0.01,0.72%,"618,946",398.8M,1.40,0.72%,5.26%,3.43,0.00,156.7M,"240,563"
285,ICL,74.39,73.51,75.90,73.00,74.11,-0.28,-0.38%,"2,575",7.4B,74.11,-0.38%,87.62%,5.68,6.01,35.0M,"40,851"
286,IDRT,21.46,22.30,23.61,20.11,21.29,-0.17,-0.79%,"88,589",422.7M,21.29,-0.79%,44.83%,0.00,0.00,2.0M,"17,813"
287,IDSM,14.26,14.20,14.20,14.00,14.00,-0.26,-1.82%,821,138.9M,14.00,-1.82%,0.00%,0.00,0.00,1.5M,"2,958"
288,IDYM,109.99,111.00,111.00,109.00,109.11,-0.88,-0.80%,"32,312",5.9B,109.11,-0.80%,-8.30%,0.00,0.00,8.1M,"8,948"
289,IGIHL,162.00,161.00,164.98,158.51,159.23,-2.77,-1.71%,"27,809",22.7B,159.23,-1.71%,35.87%,16.80,0.00,28.5M,"24,298"
290,ILP,63.15,63.15,63.49,62.30,62.67,-0.48,-0.76%,"372,366",87.8B,62.67,-0.76%,-13.12%,10.82,3.64,280.3M,"1,406,291"
291,ILP-APR,60.02,63.25,63.80,60.03,63.00,2.98,4.97%,"323,000",,,,,,,,
292,ILP-MAR,63.00,62.50,62.50,62.00,62.50,-0.50,-0.79%,"112,500",,,,,,,,
293,IMAGE,25.70,25.71,26.04,24.96,25.35,-0.35,-1.36%,"1,675,605",5.8B,25.35,-1.36%,121.01%,11.58,0.00,149.7M,"2,009,521"
294,IMAGE-APR,26.02,26.10,26.15,25.40,25.76,-0.26,-1.00%,"142,500",,,,,,,,
295,IMAGE-MAR,25.74,25.80,25.88,25.30,25.42,-0.32,-1.24%,"272,000",,,,,,,,
296,IML,17.00,16.00,18.69,16.00,16.65,-0.35,-2.06%,"2,500",1.6B,16.65,-2.06%,33.20%,26.02,0.00,24.8M,"5,567"
297,IMS,67.71,65.19,67.82,65.19,66.56,-1.15,-1.70%,"4,002",8.6B,66.56,-1.70%,504.54%,0.00,0.00,19.3M,"66,575"
298,INDU,"2,069.44","2,069.00","2,069.00","2,051.00","2,064.35",-5.09,-0.25%,868,162.3B,"2,064.35",-0.25%,30.08%,8.08,7.18,13.9M,"2,444"
299,INIL,159.93,159.55,161.74,157.10,160.31,0.38,0.24%,"178,067",21.1B,160.31,0.24%,14.65%,21.23,1.96,59.3M,"165,104"
300,INIL-APR,160.98,160.50,161.99,157.76,161.99,1.01,0.63%,"94,500",,,,,,,,
301,INIL-MAR,158.17,159.50,160.49,157.00,160.11,1.94,1.23%,"127,000",,,,,,,,
302,INKL,18.12,18.75,18.75,17.50,18.35,0.23,1.27%,"11,705",177.5M,18.35,1.27%,20.33%,0.00,4.53,3.9M,"30,037"
303,IPAK,20.85,21.00,21.00,20.00,20.09,-0.76,-3.65%,"74,943",14.1B,20.09,-3.65%,-3.65%,14.99,0.00,140.0M,"110,237"
304,ISIL,"1,834.55","1,865.00","1,865.00","1,865.00","1,834.55",0.00,0.00%,11,121.7B,"1,834.55",0.00%,74.72%,23.67,0.50,3.3M,124
305,ISL,79.83,81.84,81.84,78.00,78.06,-1.77,-2.22%,"425,711",34.0B,78.06,-2.22%,16.84%,18.50,3.11,152.3M,"261,911"
306,ISL-APR,80.48,80.82,80.82,78.51,79.03,-1.45,-1.80%,"115,500",,,,,,,,
307,ISL-MAR,79.00,80.00,80.00,76.01,78.02,-0.98,-1.24%,"119,500",,,,,,,,
308,ITTEFAQ,7.11,7.05,7.20,7.05,7.13,0.02,0.28%,"57,336",1.0B,7.13,0.28%,14.08%,0.00,0.00,93.8M,"294,464"
309,JATM,25.17,26.50,26.50,24.65,24.97,-0.20,-0.79%,"5,332",314.7M,24.97,-0.79%,-61.54%,0.00,0.00,1.9M,"4,964"
310,JDMT,53.09,52.55,52.60,50.55,51.08,-2.01,-3.79%,"7,197",353.3M,51.08,-3.79%,-18.92%,0.00,0.00,2.1M,"7,259"
311,JDWS,857.92,885.00,885.00,855.01,874.00,16.08,1.87%,151,50.5B,874.00,1.87%,94.22%,5.43,7.49,8.7M,392
312,JGICL,53.29,53.65,54.78,53.30,54.57,1.28,2.40%,"265,927",10.8B,54.57,2.40%,74.79%,3.08,9.57,69.5M,"221,967"
313,JKSM,63.25,69.00,69.58,69.00,63.25,0.00,0.00%,201,6.5B,63.25,0.00%,70.95%,7.57,0.00,5.1M,"4,158"
314,JLICL,149.96,154.49,154.49,145.51,148.51,-1.45,-0.97%,"5,058",,,,,,,,
315,JSBL,8.16,8.29,8.35,8.04,8.10,-0.06,-0.74%,"904,852",16.6B,8.10,-0.73%,-12.90%,5.83,0.00,410.1M,"787,471"
316,JSBL-APR,8.26,9.15,9.15,8.94,8.94,0.68,8.23%,"508,500",,,,,,,,
317,JSBL-MAR,8.09,8.19,9.00,8.15,8.22,0.13,1.61%,"546,500",,,,,,,,
318,JSCL,17.56,17.84,17.89,17.57,17.80,0.24,1.37%,"67,779",16.3B,17.80,1.37%,25.09%,44.50,0.00,229.0M,"448,454"
319,JSGBETF,20.25,20.45,20.45,20.43,20.43,0.18,0.89%,"13,000",,,,,,,,
320,JSGCL,108.10,112.89,113.00,108.00,112.85,4.75,4.39%,660,3.1B,112.85,4.39%,-15.15%,6.82,0.00,2.7M,914
321,JSIL,22.01,22.00,22.15,22.00,22.01,0.00,0.00%,"1,299",1.4B,22.01,0.00%,35.61%,3.03,0.00,12.4M,"14,042"
322,JSMFETF,13.35,13.23,14.50,13.23,13.56,0.21,1.57%,"189,500",,,,,,,,
323,JSML,42.92,42.95,43.75,41.51,43.55,0.63,1.47%,"18,991",1.5B,43.55,1.47%,140.61%,0.00,0.00,13.7M,"81,068"
324,JUBS,10.88,11.14,11.97,10.27,11.95,1.07,9.83%,"98,399",,,,,,,,
325,JVDC,62.71,63.29,64.98,63.29,64.95,2.24,3.57%,"81,628",24.7B,64.95,3.57%,96.82%,13.42,6.68,152.3M,"32,763"
326,KAPCO,33.77,33.82,34.20,33.78,33.82,0.05,0.15%,"596,882",29.8B,33.82,0.15%,24.06%,7.79,22.61,456.4M,"1,854,459"
327,KAPCO-APRB,34.00,34.00,34.44,34.00,34.44,0.44,1.29%,"16,000",,,,,,,,
328,KAPCO-MARB,33.80,33.90,34.10,33.52,33.52,-0.28,-0.83%,"74,000",,,,,,,,
329,KEL,4.50,4.51,4.51,4.36,4.39,-0.11,-2.44%,"10,996,061",121.2B,4.39,-2.44%,-2.23%,0.00,0.00,2.8B,"17,789,044"
330,KEL-APR,4.54,4.51,4.55,4.43,4.45,-0.09,-1.98%,"2,956,500",,,,,,,,
331,KEL-MAR,4.50,4.47,4.49,4.37,4.38,-0.12,-2.67%,"4,734,000",,,,,,,,
332,KHTC,310.04,315.00,317.85,305.11,308.60,-1.44,-0.46%,"5,932",2.1B,308.60,-0.46%,3.28%,0.00,0.00,984.0K,"10,087"
333,KML,33.90,31.43,35.05,31.43,33.90,0.00,0.00%,51,1.7B,33.90,0.00%,-10.77%,0.00,0.00,7.6M,561
334,KOHC,393.32,399.00,399.00,385.00,388.01,-5.31,-1.35%,"18,587",76.0B,388.01,-1.35%,77.82%,6.71,0.00,58.8M,"95,533"
335,KOHE,22.99,23.10,23.29,22.99,23.22,0.23,1.00%,"67,752",3.9B,23.22,1.00%,-37.09%,3.37,26.79,67.8M,"138,162"
336,KOHP,6.73,6.65,6.74,6.41,6.72,-0.01,-0.15%,"41,831",84.7M,6.72,-0.15%,16.67%,0.00,0.00,6.9M,"20,256"
337,KOHTM,28.24,29.49,29.49,26.52,27.29,-0.95,-3.36%,"8,866",567.6M,27.29,-3.36%,73.27%,2.16,2.95,4.2M,"6,455"
338,KOIL,11.65,11.32,11.80,11.10,11.31,-0.34,-2.92%,"9,195",342.7M,11.31,-2.92%,58.18%,8.08,0.00,16.7M,"73,416"
339,KOSM,5.98,5.96,6.00,5.90,5.93,-0.05,-0.84%,"3,724,387",2.4B,5.93,-0.84%,31.19%,0.00,0.00,226.7M,"4,039,345"
340,KOSM-APR,6.06,6.01,6.10,5.94,6.03,-0.03,-0.50%,"13,273,000",,,,,,,,
341,KOSM-MAR,5.97,5.92,6.00,5.80,5.93,-0.04,-0.67%,"14,459,000",,,,,,,,
342,KPUS,120.55,118.76,123.55,118.75,122.48,1.93,1.60%,735,2.0B,122.48,1.60%,-53.11%,0.00,0.00,800.9K,516
343,KSBP,160.13,160.15,161.00,158.50,159.68,-0.45,-0.28%,"6,158",4.9B,159.68,-0.28%,40.99%,56.03,0.00,8.4M,"93,716"
344,KSTM,8.90,8.03,8.03,8.03,8.90,0.00,0.00%,400,,,,,,,,
345,KTML,169.99,171.00,172.99,158.00,163.23,-6.76,-3.98%,"104,057",44.0B,163.23,-3.98%,77.33%,21.62,0.00,53.9M,"34,045"
346,LCI,"1,370.36","1,382.00","1,385.00","1,350.00","1,380.38",10.02,0.73%,"4,564",127.5B,"1,380.38",0.73%,67.32%,10.35,6.23,13.9M,"16,924"
347,LEUL,29.85,29.00,29.95,27.00,29.00,-0.85,-2.85%,"4,278",174.0M,29.00,-2.85%,153.28%,0.00,0.00,1.8M,"11,562"
348,LIVEN,92.02,93.00,93.00,90.00,90.04,-1.98,-2.15%,"3,255",8.4B,90.04,-2.15%,682.96%,7.72,0.00,4.7M,"21,363"
349,LOADS,17.80,17.55,17.85,17.50,17.66,-0.14,-0.79%,"242,841",4.4B,17.66,-0.79%,122.14%,4.16,0.00,125.6M,"1,545,844"
350,LOTCHEM,19.19,19.47,19.47,18.98,19.01,-0.18,-0.94%,"924,515",28.8B,19.01,-0.94%,-2.66%,10.86,2.39,378.6M,"6,841,986"
351,LOTCHEM-APR,19.51,19.40,19.50,19.20,19.20,-0.31,-1.59%,"868,000",,,,,,,,
352,LOTCHEM-MAR,19.29,19.28,19.30,18.77,18.99,-0.30,-1.56%,"1,531,000",,,,,,,,
353,LPGL,110.80,121.88,121.88,120.00,121.88,11.08,10.00%,"34,331",914.1M,121.88,10.00%,330.82%,19.41,0.00,1.9M,"9,640"
354,LPL,28.09,28.48,29.10,28.30,28.88,0.79,2.81%,"1,444,190",11.0B,28.88,2.81%,48.56%,1.81,22.10,151.9M,"709,813"
355,LPL-APR,28.35,28.70,29.00,28.39,28.50,0.15,0.53%,"331,500",,,,,,,,
356,LPL-MAR,28.25,28.27,28.96,28.26,28.89,0.64,2.27%,"91,500",,,,,,,,
357,LSECL,5.48,5.50,5.52,5.30,5.35,-0.13,-2.37%,"157,390",969.2M,5.35,-2.37%,-2.37%,9.22,7.75,81.5M,"54,702"
358,LSEFSL,17.63,18.49,18.49,17.00,17.00,-0.63,-3.57%,"1,079",606.5M,17.00,-3.57%,-3.57%,36.17,3.18,5.4M,"35,679"
359,LSEVL,10.86,11.40,11.60,10.60,10.70,-0.16,-1.47%,"615,341",1.9B,10.70,-1.47%,108.98%,8.05,9.85,107.8M,"105,406"
360,LUCK,"1,491.28","1,486.01","1,518.00","1,480.20","1,496.60",5.32,0.36%,"265,302",438.5B,"1,496.60",0.36%,96.82%,15.54,1.36,87.9M,"514,236"
361,LUCK-APR,"1,500.50","1,490.01","1,520.00","1,490.00","1,503.75",3.25,0.22%,"44,000",,,,,,,,
362,LUCK-MAR,"1,493.25","1,490.00","1,505.05","1,490.00","1,496.00",2.75,0.18%,"42,000",,,,,,,,
363,MACFL,15.61,15.61,15.75,15.26,15.43,-0.18,-1.15%,"16,695",915.0M,15.43,-1.15%,-18.36%,10.02,7.31,20.8M,"49,079"
364,MACTER,406.25,401.00,410.00,401.00,404.59,-1.66,-0.41%,"3,784",18.5B,404.59,-0.41%,325.88%,29.71,0.70,16.0M,"16,205"
365,MARI,687.25,690.00,694.99,682.51,684.16,-3.09,-0.45%,"1,424,153",821.4B,684.16,-0.45%,-72.76%,1.19,18.62,240.1M,"1,988,237"
366,MARI-APR,694.74,695.02,699.99,690.01,691.68,-3.06,-0.44%,"455,000",,,,,,,,
367,MARI-MAR,687.08,693.00,693.98,680.50,684.77,-2.31,-0.34%,"352,500",,,,,,,,
368,MCB,276.49,278.79,281.40,276.51,280.66,4.17,1.51%,"1,084,898",,,,,,,,
369,MCBIM,81.05,81.00,82.30,81.00,81.23,0.18,0.22%,"4,816",5.8B,81.23,0.22%,183.23%,4.52,8.97,10.8M,"8,231"
370,MDTL,2.01,2.06,2.08,2.00,2.02,0.01,0.50%,"141,253",361.3M,2.02,0.50%,34.67%,3.42,0.00,116.3M,"251,479"
371,MEBL,244.90,245.00,247.99,243.00,247.40,2.50,1.02%,"550,356",,,,,,,,
372,MEBL-APRB,245.00,245.00,245.00,245.00,245.00,0.00,0.00%,500,,,,,,,,
373,MEHT,341.98,343.90,359.00,336.00,348.40,6.42,1.88%,"1,258",10.5B,348.40,1.88%,-12.43%,32.38,0.00,22.5M,"2,346"
374,MERIT,10.73,10.72,10.74,10.50,10.67,-0.06,-0.56%,"8,736",2.1B,10.67,-0.56%,4.10%,0.00,0.00,40.0M,"167,553"
375,MFFL,214.02,215.00,216.50,211.50,213.20,-0.82,-0.38%,"25,829",4.9B,213.20,-0.38%,37.96%,12.70,0.00,6.9M,"81,333"
376,MFL,43.18,42.60,43.70,42.60,43.70,0.52,1.20%,"4,550",5.3B,43.70,1.20%,54.36%,0.00,0.00,30.6M,"33,927"
377,MIIETF,15.58,15.60,15.62,15.55,15.59,0.01,0.06%,"143,000",,,,,,,,
378,MIRKS,30.00,29.90,29.99,29.62,29.80,-0.20,-0.67%,"20,492",2.0B,29.80,-0.67%,-15.10%,0.00,0.00,30.0M,"59,598"
379,MLCF,59.50,59.51,60.90,59.10,59.66,0.16,0.27%,"11,305,147",62.5B,59.66,0.27%,66.74%,9.78,0.00,471.4M,"14,293,255"
380,MLCF-APR,59.97,60.00,61.55,59.57,60.37,0.40,0.67%,"6,395,500",,,,,,,,
381,MLCF-MAR,59.49,59.30,60.97,59.01,59.63,0.14,0.24%,"4,449,500",,,,,,,,
382,MRNS,48.50,47.05,48.57,47.00,47.70,-0.80,-1.65%,561,3.6B,47.70,-1.65%,-9.14%,0.00,2.12,22.5M,"6,576"
383,MSCL,9.87,9.75,10.00,9.75,10.00,0.13,1.32%,"6,059",309.8M,10.00,1.32%,-33.33%,0.00,0.00,7.7M,"21,949"
384,MSOT,53.33,49.06,49.06,49.06,53.33,0.00,0.00%,1,3.6B,53.33,0.00%,20.93%,0.00,0.00,13.5M,"2,351"
385,MTL,590.82,595.47,599.96,585.00,598.15,7.33,1.24%,"144,798",114.7B,598.15,1.24%,2.32%,13.86,7.24,86.3M,"182,672"
386,MTL-APRB,600.00,600.00,608.00,590.00,599.56,-0.44,-0.07%,"13,500",,,,,,,,
387,MTL-MARB,592.00,593.00,597.00,593.00,597.00,5.00,0.84%,"3,500",,,,,,,,
388,MUGHAL,73.45,73.45,74.40,72.33,72.65,-0.80,-1.09%,"150,502",24.4B,72.65,-1.09%,13.11%,26.13,0.00,83.9M,"548,197"
389,MUGHAL-APRB,74.51,75.50,76.30,73.00,73.87,-0.64,-0.86%,"120,500",,,,,,,,
390,MUGHAL-MARB,73.64,74.00,75.99,72.50,73.50,-0.14,-0.19%,"107,500",,,,,,,,
391,MUGHALR2,3.01,4.01,4.01,4.01,4.01,1.00,33.22%,"403,872",,,,,,,,
392,MUREB,737.89,739.99,739.99,735.00,737.26,-0.63,-0.09%,840,20.4B,737.26,-0.08%,111.47%,6.16,4.18,11.1M,"13,292"
393,MWMP,15.44,15.44,15.44,14.55,14.96,-0.48,-3.11%,"24,940",430.1M,14.96,-3.11%,326.21%,3.98,0.00,2.9M,"30,934"
394,MZNPETF,18.34,18.32,18.39,18.20,18.36,0.02,0.11%,"438,500",,,,,,,,
395,NATF,215.62,217.00,217.00,214.50,215.20,-0.42,-0.19%,"22,429",50.2B,215.20,-0.19%,32.84%,29.08,3.62,58.3M,"97,791"
396,NBP,77.13,77.00,78.00,76.00,76.29,-0.84,-1.09%,"3,627,283",,,,,,,,
397,NBP-APRB,77.73,77.80,78.30,76.75,76.99,-0.74,-0.95%,"1,042,000",,,,,,,,
398,NBP-MARB,77.00,77.00,77.70,76.00,76.27,-0.73,-0.95%,"1,734,500",,,,,,,,
399,NBPGETF,23.49,23.66,25.53,23.63,23.72,0.23,0.98%,"44,000",,,,,,,,
400,NCL,33.41,33.40,34.00,33.06,33.49,0.08,0.24%,"72,098",8.0B,33.49,0.24%,40.01%,5.90,2.85,120.1M,"170,056"
401,NCML,11.74,11.20,12.80,11.20,11.74,0.00,0.00%,378,,,,,,,,
402,NCPL,27.50,27.50,27.85,27.25,27.57,0.07,0.25%,"388,981",10.1B,27.57,0.26%,5.63%,0.00,18.54,202.0M,"746,467"
403,NCPL-APR,27.89,27.73,27.79,27.50,27.79,-0.10,-0.36%,"36,500",,,,,,,,
404,NCPL-MAR,27.73,27.54,27.54,27.00,27.39,-0.34,-1.23%,"44,000",,,,,,,,
405,NESTLE,"7,385.78","7,384.00","7,394.99","7,360.00","7,371.50",-14.28,-0.19%,141,334.3B,"7,371.50",-0.19%,-3.45%,22.58,2.23,2.3M,174
406,NETSOL,139.59,140.49,140.49,137.32,137.52,-2.07,-1.48%,"437,080",12.4B,137.52,-1.48%,12.44%,16.14,1.86,27.0M,"629,510"
407,NETSOL-APR,141.00,140.75,141.30,138.81,139.06,-1.94,-1.38%,"728,000",,,,,,,,
408,NETSOL-MAR,139.55,139.50,140.00,137.05,137.42,-2.13,-1.53%,"747,500",,,,,,,,
409,NEXT,8.79,9.00,9.00,8.55,8.65,-0.14,-1.59%,"5,507",492.4M,8.65,-1.59%,84.04%,0.00,0.00,28.5M,"11,485"
410,NICL,139.28,139.49,143.50,138.00,138.49,-0.79,-0.57%,"9,657",15.3B,138.49,-0.57%,43.78%,10.66,2.43,38.7M,"12,698"
411,NITGETF,26.25,26.59,26.62,26.57,26.60,0.35,1.33%,"17,000",,,,,,,,
412,NML,112.85,112.00,113.80,109.95,110.21,-2.64,-2.34%,"260,270",38.7B,110.21,-2.34%,65.73%,7.95,2.80,158.2M,"657,449"
413,NML-APR,114.57,113.00,114.53,111.90,111.90,-2.67,-2.33%,"29,000",,,,,,,,
414,NML-MAR,112.93,111.90,113.00,110.00,110.03,-2.90,-2.57%,"69,000",,,,,,,,
415,NPL,38.32,39.00,39.95,38.50,39.40,1.08,2.82%,"1,378,291",14.0B,39.40,2.82%,34.24%,44.77,31.11,173.1M,"784,434"
416,NPL-APRB,38.83,39.50,39.50,39.50,39.50,0.67,1.73%,"35,000",,,,,,,,
417,NPL-MARB,38.05,38.00,38.65,38.00,38.65,0.60,1.58%,"36,000",,,,,,,,
418,NRL,259.04,262.44,262.44,256.00,257.05,-1.99,-0.77%,"378,515",20.6B,257.05,-0.77%,-2.06%,0.00,0.00,26.3M,"469,342"
419,NRL-APR,262.11,261.11,265.00,259.30,259.99,-2.12,-0.81%,"768,000",,,,,,,,
420,NRL-MAR,259.09,258.99,261.80,253.20,256.75,-2.34,-0.90%,"726,500",,,,,,,,
421,NRSL,26.56,26.98,27.21,26.56,27.15,0.59,2.22%,"175,807",3.8B,27.15,2.22%,35.41%,13.78,3.25,56.5M,"45,779"
422,OBOY,10.52,10.65,11.19,10.50,10.59,0.07,0.67%,"4,252,347",264.8M,10.59,0.66%,89.11%,0.00,0.00,16.5M,"388,363"
423,OBOYR2,0.52,1.46,1.52,1.12,1.52,1.00,192.31%,"4,354,008",,,,,,,,
424,OCTOPUS,58.61,59.48,59.48,57.22,57.53,-1.08,-1.84%,"742,589",9.0B,57.53,-1.84%,42.93%,36.64,0.00,47.2M,"931,502"
425,OCTOPUS-APR,59.48,59.50,59.70,58.01,58.31,-1.17,-1.97%,"1,081,000",,,,,,,,
426,OCTOPUS-MAR,58.78,58.90,58.90,56.50,57.55,-1.23,-2.09%,"1,394,000",,,,,,,,
427,OGDC,232.75,233.44,233.99,230.40,232.73,-0.02,-0.01%,"2,613,031",1.0T,232.73,-0.01%,89.72%,5.95,5.74,645.1M,"4,722,974"
428,OGDC-APRB,235.11,235.75,235.99,232.80,234.83,-0.28,-0.12%,"2,752,500",,,,,,,,
429,OGDC-MARB,232.74,231.40,233.50,230.60,231.97,-0.77,-0.33%,"1,864,000",,,,,,,,
430,OLPL,36.47,36.40,36.50,36.10,36.40,-0.07,-0.19%,"29,625",6.4B,36.40,-0.19%,25.69%,4.73,8.41,87.7M,"32,282"
431,OLPM,16.00,16.00,16.47,16.00,16.47,0.47,2.94%,"1,000",747.5M,16.47,2.94%,26.99%,4.32,12.32,34.0M,"11,825"
432,OML,29.99,27.04,30.05,27.04,29.99,0.00,0.00%,31,359.9M,29.99,0.00%,14.25%,15.85,0.00,1.2M,"1,484"
433,ORM,8.62,8.68,8.90,8.65,8.90,0.28,3.25%,635,667.5M,8.90,3.25%,22.09%,2.91,14.98,26.3M,"9,898"
434,OTSU,183.24,181.01,185.00,181.00,182.23,-1.01,-0.55%,"1,422",2.2B,182.23,-0.55%,40.56%,535.97,0.00,3.0M,"8,927"
435,P01GIS031225,93.25,93.42,93.42,93.42,93.42,0.17,0.18%,"5,000",,,,,,,,
436,P01GIS040226,91.98,92.05,92.05,92.05,92.05,0.07,0.08%,"5,000",,,,,,,,
437,P01GIS061125,94.08,94.17,94.17,94.17,94.17,0.09,0.10%,"5,000",,,,,,,,
438,P01GIS080126,92.51,92.60,92.60,92.60,92.60,0.09,0.10%,"5,000",,,,,,,,
439,P01GIS090525,98.75,98.94,98.94,98.94,98.94,0.19,0.19%,"5,000",,,,,,,,
440,P01GIS170925,95.34,95.44,95.44,95.44,95.44,0.10,0.10%,"600,005,000",,,,,,,,
441,P01GIS201025,94.46,94.57,94.57,94.57,94.57,0.11,0.12%,"5,000",,,,,,,,
442,P01GIS230525,98.51,98.66,98.66,98.35,98.51,0.00,0.00%,"14,700,000",,,,,,,,
443,P01GIS250425,99.17,99.38,99.38,99.38,99.38,0.21,0.21%,"5,000",,,,,,,,
444,P01GIS270625,97.20,97.16,97.16,97.16,97.16,-0.04,-0.04%,"4,000,000,000",,,,,,,,
445,P03FRR180927,102.85,103.30,103.30,103.30,103.30,0.45,0.44%,"5,000",,,,,,,,
446,P03VRR180927,99.25,100.00,100.00,100.00,100.00,0.75,0.76%,"1,000,000",,,,,,,,
447,P03VRR280627,100.00,100.25,100.25,100.25,100.25,0.25,0.25%,"15,000",,,,,,,,
448,P05VRR211029,98.85,100.00,100.00,100.00,100.00,1.15,1.16%,"1,000,000",,,,,,,,
449,PABC,123.14,121.86,126.99,121.50,122.45,-0.69,-0.56%,"63,978",44.2B,122.45,-0.56%,67.56%,7.25,0.00,90.3M,"114,573"
450,PABC-MAR,138.00,125.00,127.00,125.00,126.00,-12.00,-8.70%,"6,500",,,,,,,,
451,PACE,5.88,5.99,5.99,5.77,5.80,-0.08,-1.36%,"2,321,234",1.6B,5.80,-1.36%,114.02%,2.61,0.00,209.2M,"3,733,513"
452,PACE-APR,5.96,5.94,5.98,5.85,5.87,-0.09,-1.51%,"2,992,500",,,,,,,,
453,PACE-MAR,5.87,5.89,5.90,5.73,5.77,-0.10,-1.70%,"4,287,500",,,,,,,,
454,PAEL,47.48,47.51,48.24,47.06,47.98,0.50,1.05%,"12,020,484",41.1B,47.98,1.05%,116.03%,18.67,0.00,428.0M,"13,319,926"
455,PAEL-APR,47.96,48.10,48.80,47.60,48.54,0.58,1.21%,"8,843,500",,,,,,,,
456,PAEL-MAR,47.47,47.88,48.25,47.10,48.03,0.56,1.18%,"4,454,000",,,,,,,,
457,PAKD,96.89,97.97,97.97,94.02,97.18,0.29,0.30%,"4,433",1.2B,97.18,0.30%,29.57%,7.55,2.21,4.2M,"21,574"
458,PAKL,28.26,27.36,28.80,26.30,27.47,-0.79,-2.80%,"3,360",93.4M,27.47,-2.79%,46.98%,88.61,0.00,1.0M,"3,416"
459,PAKOXY,134.89,136.02,136.02,133.02,133.75,-1.14,-0.85%,822,11.7B,133.75,-0.84%,73.70%,16.37,0.00,21.8M,"10,237"
460,PAKRI,15.51,15.60,15.88,15.38,15.75,0.24,1.55%,"177,445",14.2B,15.75,1.55%,6.92%,3.82,10.41,225.0M,"256,335"
461,PAKRI-APR,16.19,15.65,17.09,15.55,16.35,0.16,0.99%,"228,500",,,,,,,,
462,PAKRI-MAR,15.54,15.55,15.88,15.55,15.82,0.28,1.80%,"66,500",,,,,,,,
463,PAKT,"1,258.27","1,269.90","1,300.00","1,269.90","1,297.27",39.00,3.10%,"7,161",,,,,,,,
464,PASL,1.28,1.34,1.34,1.25,1.26,-0.02,-1.56%,"198,059",,,,,,,,
465,PASM,3.51,3.80,4.10,3.80,4.00,0.49,13.96%,"2,901",,,,,,,,
466,PCAL,180.45,172.00,180.00,172.00,175.38,-5.07,-2.81%,"13,003",9.6B,175.38,-2.81%,43.94%,0.00,0.00,16.3M,"13,070"
467,PECO,625.32,630.00,639.99,630.00,630.00,4.68,0.75%,87,,,,,,,,
468,PGLC,15.30,16.55,16.55,15.05,15.30,0.00,0.00%,190,756.9M,15.30,0.00%,96.15%,11.50,10.46,9.9M,"3,381"
469,PIAHCLA,17.97,18.06,18.23,17.61,17.75,-0.22,-1.22%,"1,728,436",92.9B,17.75,-1.22%,-34.96%,0.00,0.00,189.0M,"3,548,043"
470,PIAHCLA-APR,18.25,18.38,18.39,17.87,17.97,-0.28,-1.53%,"3,851,000",,,,,,,,
471,PIAHCLA-MAR,18.03,17.25,18.15,16.50,17.72,-0.31,-1.72%,"4,373,000",,,,,,,,
472,PIAHCLB,967.69,874.01,874.01,874.01,967.69,0.00,0.00%,1,1.5B,967.69,0.00%,433.43%,0.00,0.00,2.6K,84
473,PIBTL,10.58,10.59,10.59,10.34,10.40,-0.18,-1.70%,"10,432,986",18.6B,10.40,-1.70%,75.97%,22.13,0.00,803.7M,"23,312,598"
474,PIBTL-APR,10.72,10.76,10.76,10.46,10.52,-0.20,-1.87%,"5,556,000",,,,,,,,
475,PIBTL-MAR,10.61,10.50,10.59,10.35,10.38,-0.23,-2.17%,"5,648,500",,,,,,,,
476,PICT,46.05,46.30,47.15,45.81,46.56,0.51,1.11%,"169,184",5.1B,46.56,1.11%,-0.98%,7.19,25.47,21.8M,"61,909"
477,PIL,1.87,1.88,1.95,1.86,1.86,-0.01,-0.53%,"40,805",,,,,,,,
478,PIM,13.65,14.49,15.02,12.41,14.83,1.18,8.64%,539,296.6M,14.83,8.65%,31.24%,7.61,7.74,1.0M,"1,378"
479,PINL,5.49,5.48,5.49,5.48,5.49,0.00,0.00%,"3,000",277.6M,5.49,0.00%,-20.09%,4.01,0.00,22.8M,"4,834"
480,PIOC,206.70,206.98,211.90,204.12,208.73,2.03,0.98%,"280,911",47.4B,208.73,0.98%,71.92%,8.91,7.46,102.2M,"573,325"
481,PIOC-APRB,211.41,210.00,212.00,210.00,211.75,0.34,0.16%,"14,500",,,,,,,,
482,PIOC-MARB,207.99,208.23,211.50,206.25,208.81,0.82,0.39%,"39,500",,,,,,,,
483,PKGI,9.53,8.58,9.55,8.53,9.33,-0.20,-2.10%,"1,395",466.5M,9.33,-2.10%,98.09%,6.57,0.00,7.5M,"2,007"
484,PKGP,113.20,113.20,123.96,110.50,110.56,-2.64,-2.33%,"16,728",41.1B,110.56,-2.33%,116.83%,5.89,8.65,148.8M,"13,360"
485,PKGS,555.14,550.00,560.00,541.00,549.38,-5.76,-1.04%,"2,074",49.1B,549.38,-1.04%,0.04%,26.57,2.52,26.8M,"18,696"
486,PMI,2.05,2.05,2.10,2.03,2.05,0.00,0.00%,"146,418",265.3M,2.05,0.00%,6.77%,7.07,10.34,77.6M,"265,037"
487,PMPK,737.77,811.55,811.55,811.55,811.55,73.78,10.00%,"3,074",50.0B,811.55,10.00%,14.30%,196.03,0.00,3.1M,479
488,PMRS,361.62,361.62,361.62,361.62,361.62,0.00,0.00%,3,1.4B,361.62,0.00%,-21.39%,0.00,0.00,368.9K,73
489,PNSC,341.08,342.50,353.10,340.10,346.00,4.92,1.44%,"16,780",68.5B,346.00,1.44%,17.22%,9.76,7.45,17.8M,"27,975"
490,POL,563.36,565.00,568.96,562.50,566.65,3.29,0.58%,"198,975",160.8B,566.65,0.58%,31.49%,5.07,15.04,129.9M,"249,962"
491,POL-MARB,559.66,565.00,565.00,565.00,565.00,5.34,0.95%,"18,000",,,,,,,,
492,POML,129.90,130.00,130.00,128.30,128.30,-1.60,-1.23%,559,995.9M,128.30,-1.23%,17.67%,0.00,0.00,3.1M,996
493,POWER,11.38,11.48,11.59,11.25,11.32,-0.06,-0.53%,"2,268,781",12.6B,11.32,-0.53%,120.23%,0.00,0.00,536.0M,"11,304,314"
494,POWER-APR,11.50,11.55,11.55,11.40,11.42,-0.08,-0.70%,"664,500",,,,,,,,
495,POWER-MAR,11.41,11.40,11.49,11.20,11.27,-0.14,-1.23%,"1,315,500",,,,,,,,
496,PPL,193.30,193.70,193.70,190.30,191.48,-1.82,-0.94%,"4,400,671",,,,,,,,
497,PPL-APRB,195.00,194.90,195.00,192.15,193.50,-1.50,-0.77%,"4,455,500",,,,,,,,
498,PPL-MARB,193.21,192.25,194.05,190.00,191.32,-1.89,-0.98%,"2,686,000",,,,,,,,
499,PPP,163.21,163.00,168.50,163.00,163.42,0.21,0.13%,"1,203",1.3B,163.42,0.13%,140.32%,10.92,5.00,4.0M,"14,172"
500,PPVC,8.30,8.50,8.50,7.95,8.30,0.00,0.00%,2,,,,,,,,
501,PREMA,49.54,49.39,54.49,46.05,52.09,2.55,5.15%,"4,740,253",11.4B,52.09,5.15%,332.28%,27.71,0.00,54.7M,"9,520,641"
502,PRET,439.39,456.00,456.50,420.01,420.51,-18.88,-4.30%,307,2.6B,420.51,-4.30%,23.68%,27.43,0.00,1.8M,"1,495"
503,PRL,37.00,37.19,37.85,36.75,36.83,-0.17,-0.46%,"4,254,199",23.2B,36.83,-0.46%,38.67%,0.00,4.51,227.2M,"8,682,276"
504,PRL-APR,37.41,37.50,38.19,37.16,37.26,-0.15,-0.40%,"7,039,000",,,,,,,,
505,PRL-MAR,37.01,37.00,37.80,35.75,36.79,-0.22,-0.59%,"7,018,000",,,,,,,,
506,PRWM,38.00,35.20,37.98,35.00,35.01,-2.99,-7.87%,501,647.0M,35.01,-7.87%,22.67%,5.89,7.14,2.8M,"1,896"
507,PSEL,"1,030.81","1,020.00","1,032.00","1,020.00","1,030.81",0.00,0.00%,5,33.5B,"1,030.81",0.00%,11.56%,109.20,0.00,24.4M,243
508,PSO,419.93,419.93,423.04,415.00,420.76,0.83,0.20%,"7,058,563",197.5B,420.76,0.20%,146.59%,10.24,0.00,211.3M,"6,195,349"
509,PSO-APR,424.43,420.70,427.00,419.50,425.28,0.85,0.20%,"2,909,500",,,,,,,,
510,PSO-MAR,420.08,419.97,423.00,415.50,420.33,0.25,0.06%,"2,141,500",,,,,,,,
511,PSX,25.56,25.62,25.62,25.01,25.20,-0.36,-1.41%,"310,455",20.2B,25.20,-1.41%,186.36%,16.05,3.60,480.9M,"1,179,068"
512,PTC,23.77,23.98,23.98,23.00,23.20,-0.57,-2.40%,"2,460,695",87.6B,23.20,-2.40%,34.03%,24.42,0.00,593.2M,"3,204,396"
513,PTC-APR,24.06,24.12,24.24,23.00,23.36,-0.70,-2.91%,"2,771,500",,,,,,,,
514,PTC-MAR,23.81,23.90,23.90,22.20,22.66,-1.15,-4.83%,"3,289,500",,,,,,,,
515,PTL,39.47,39.50,40.00,39.50,39.60,0.13,0.33%,"5,676",6.7B,39.60,0.33%,2.38%,30.46,0.00,42.0M,"190,833"
516,QUET,14.64,13.73,14.96,13.73,14.33,-0.31,-2.12%,"4,970",,,,,,,,
517,QUICE,6.75,6.72,6.89,6.61,6.75,0.00,0.00%,"300,817",664.6M,6.75,0.00%,63.83%,0.00,0.00,68.9M,"723,953"
518,RCML,491.18,496.56,506.00,496.56,496.75,5.57,1.13%,60,5.1B,496.75,1.13%,9.90%,4.61,0.63,1.0M,173
519,REDCO,21.27,22.49,22.49,21.50,21.50,0.23,1.08%,"14,660",1.1B,21.50,1.08%,298.15%,4.38,0.00,7.3M,"97,506"
520,RICL,12.16,12.75,12.75,12.74,12.16,0.00,0.00%,10,809.1M,12.16,0.00%,14.07%,2.49,9.35,46.6M,"6,352"
521,RMPL,"9,100.00","9,099.99","9,099.99","9,050.00","9,082.06",-17.94,-0.20%,145,83.9B,"9,082.06",-0.20%,12.82%,11.22,4.17,790.9K,164
522,RPL,16.00,16.30,16.30,15.75,16.01,0.01,0.06%,"274,212",2.3B,16.01,0.06%,37.31%,13.02,5.27,44.4M,"335,466"
523,RUBY,6.87,6.55,6.75,6.55,6.75,-0.12,-1.75%,"7,152",,,,,,,,
524,RUPL,17.00,17.00,17.00,16.77,16.96,-0.04,-0.24%,"4,600",577.8M,16.96,-0.23%,-4.45%,0.00,0.00,10.2M,"18,464"
525,SAIF,10.89,10.90,10.95,10.60,10.76,-0.13,-1.19%,"1,767",284.2M,10.76,-1.19%,10.93%,2.76,0.00,13.2M,"18,765"
526,SANSM,49.03,45.75,49.99,45.75,47.17,-1.86,-3.79%,"3,218",563.5M,47.17,-3.79%,118.08%,0.00,0.00,6.6M,"8,829"
527,SAPT,"1,131.33","1,101.00","1,135.00","1,101.00","1,116.00",-15.33,-1.36%,89,24.2B,"1,116.00",-1.35%,-20.35%,4.82,2.96,2.2M,434
528,SARC,32.68,33.00,35.95,33.00,35.94,3.26,9.98%,"1,495",215.6M,35.94,9.98%,7.28%,7.43,6.10,2.7M,"1,777"
529,SASML,56.00,57.89,59.00,57.89,58.33,2.33,4.16%,548,608.1M,58.33,4.16%,82.97%,0.00,0.00,1.6M,499
530,SAZEW,"1,087.68","1,089.99","1,093.00","1,075.00","1,076.62",-11.06,-1.02%,"104,090",65.1B,"1,076.62",-1.02%,174.88%,4.95,3.58,21.2M,"163,446"
531,SAZEW-APRB,"1,093.28","1,095.00","1,099.80","1,085.00","1,087.19",-6.09,-0.56%,"154,500",,,,,,,,
532,SAZEW-MARB,"1,085.23","1,084.90","1,086.50","1,066.00","1,073.61",-11.62,-1.07%,"131,500",,,,,,,,
533,SBL,9.00,8.99,8.99,8.99,9.00,0.00,0.00%,"20,001",9.1B,9.00,0.00%,-10.00%,12.97,0.00,100.8M,"334,847"
534,SCBPL,56.99,57.00,57.50,56.55,56.98,-0.01,-0.02%,"44,742",,,,,,,,
535,SCL,265.52,255.00,273.89,255.00,259.34,-6.18,-2.33%,139,1.0B,259.34,-2.33%,5.34%,0.00,0.00,195.0K,543
536,SEARL,99.87,100.11,100.80,98.50,98.76,-1.11,-1.11%,"2,052,911",50.5B,98.76,-1.11%,86.80%,0.00,0.00,255.7M,"3,699,620"
537,SEARL-APR,101.06,101.51,101.90,99.50,99.81,-1.25,-1.24%,"1,851,500",,,,,,,,
538,SEARL-MAR,99.87,100.50,101.40,97.70,98.70,-1.17,-1.17%,"1,790,500",,,,,,,,
539,SEPL,172.90,172.90,172.90,169.25,170.23,-2.67,-1.54%,"21,930",10.1B,170.23,-1.54%,31.15%,6.53,7.67,23.7M,"69,397"
540,SERT,13.56,13.96,13.96,13.51,13.90,0.34,2.51%,800,191.6M,13.90,2.51%,110.29%,0.00,0.00,2.1M,"6,113"
541,SFL,"1,121.39","1,101.00","1,138.00","1,101.00","1,101.00",-20.39,-1.82%,100,22.8B,"1,101.00",-1.82%,-25.41%,7.04,0.83,2.1M,161
542,SGF,95.47,93.22,94.50,92.80,93.53,-1.94,-2.03%,"95,697",19.3B,93.53,-2.03%,74.82%,17.42,2.86,41.2M,"66,233"
543,SHDT,23.25,23.25,23.25,23.25,23.25,0.00,0.00%,"1,252",386.0M,23.25,0.00%,72.22%,2.09,3.56,7.5M,"12,607"
544,SHEZ,120.26,122.00,126.00,122.00,124.66,4.40,3.66%,"4,548",1.2B,124.66,3.66%,9.88%,0.00,0.00,3.9M,"4,221"
545,SHFA,478.60,478.60,484.00,475.00,480.04,1.44,0.30%,"6,413",30.3B,480.04,0.30%,246.07%,15.71,0.63,28.4M,"37,271"
546,SHJS,129.00,116.12,123.96,116.10,123.00,-6.00,-4.65%,843,1.5B,123.00,-4.65%,28.13%,0.00,0.00,4.8M,980
547,SHNI,6.53,6.88,7.53,6.88,7.46,0.93,14.24%,"91,914",481.2M,7.46,14.24%,54.77%,2.73,5.94,17.0M,"5,084"
548,SIBL,9.99,10.50,10.99,10.00,10.15,0.16,1.60%,"37,981",600.4M,10.15,1.60%,59.59%,7.75,15.02,17.7M,"8,102"
549,SIEM,"1,514.99","1,515.00","1,515.00","1,505.00","1,514.50",-0.49,-0.03%,53,12.5B,"1,514.50",-0.03%,164.77%,274.37,0.00,824.7K,623
550,SINDM,10.70,10.70,10.70,10.70,10.70,0.00,0.00%,16,481.5M,10.70,0.00%,17.32%,2.48,12.53,4.5M,"3,596"
551,SITC,366.56,366.00,374.50,366.00,374.05,7.49,2.04%,"1,777",8.0B,374.05,2.04%,41.15%,13.85,3.17,7.5M,"9,435"
552,SKRS,12.02,12.48,12.48,11.50,12.15,0.13,1.08%,"13,665",,,,,,,,
553,SLGL,14.10,14.80,14.80,14.26,14.37,0.27,1.91%,"618,497",3.9B,14.37,1.92%,1.91%,5.66,0.00,150.5M,"800,668"
554,SLYT,12.00,11.00,11.34,11.00,11.23,-0.77,-6.42%,"1,325",,,,,,,,
555,SMCPL,17.94,17.94,18.05,17.57,17.63,-0.31,-1.73%,"2,708",440.8M,17.63,-1.73%,40.25%,4.21,9.20,8.8M,"13,324"
556,SML,26.41,26.49,26.50,25.77,26.49,0.08,0.30%,"6,002",,,,,,,,
557,SNAI,23.00,23.00,24.00,23.00,23.98,0.98,4.26%,630,478.8M,23.98,4.26%,14.19%,0.00,0.00,7.0M,"1,815"
558,SNBL,16.48,16.77,16.77,16.31,16.40,-0.08,-0.49%,"404,083",18.1B,16.40,-0.48%,68.55%,3.06,16.93,330.7M,"710,376"
559,SNBL-APRB,17.20,17.00,17.00,16.70,16.87,-0.33,-1.92%,"2,505,000",,,,,,,,
560,SNBL-MARB,16.89,16.75,17.21,16.30,16.35,-0.54,-3.20%,"2,490,500",,,,,,,,
561,SNGP,114.83,115.01,115.01,112.68,113.16,-1.67,-1.45%,"1,459,321",71.8B,113.16,-1.45%,80.54%,5.57,7.20,285.4M,"4,927,813"
562,SNGP-APR,116.03,115.51,116.00,114.07,114.51,-1.52,-1.31%,"1,010,000",,,,,,,,
563,SNGP-MAR,114.94,115.00,115.00,112.65,113.22,-1.72,-1.50%,"1,070,000",,,,,,,,
564,SPEL,42.34,42.56,42.65,41.85,42.07,-0.27,-0.64%,"673,859",8.4B,42.07,-0.64%,204.63%,9.21,2.50,39.9M,"898,785"
565,SPL,12.05,12.05,12.05,12.05,12.05,0.00,0.00%,250,,,,,,,,
566,SPWL,13.95,13.85,14.20,13.80,13.98,0.03,0.22%,"1,826,833",5.4B,13.98,0.22%,-30.89%,3.81,16.05,193.2M,"572,576"
567,SRVI,"1,254.81","1,255.00","1,260.00","1,240.00","1,249.00",-5.81,-0.46%,"4,365",58.7B,"1,249.00",-0.46%,113.87%,181.01,0.95,21.1M,"4,795"
568,SSGC,37.19,37.20,37.20,36.50,36.62,-0.57,-1.53%,"3,662,499",32.3B,36.62,-1.53%,240.97%,1.44,0.00,308.3M,"13,386,121"
569,SSGC-APR,37.74,37.45,37.60,36.92,37.06,-0.68,-1.80%,"7,006,000",,,,,,,,
570,SSGC-MAR,37.20,37.00,37.20,36.12,36.60,-0.60,-1.61%,"8,361,500",,,,,,,,
571,SSML,20.65,20.65,21.90,18.90,19.10,-1.55,-7.51%,"35,502",,,,,,,,
572,SSOM,125.32,125.00,134.50,125.00,130.12,4.80,3.83%,"15,889",736.3M,130.12,3.83%,85.89%,0.00,0.00,1.4M,"10,499"
573,STCL,13.68,13.84,14.65,13.20,13.76,0.08,0.58%,"82,192",3.3B,13.76,0.59%,-2.41%,0.00,4.66,131.6M,"333,339"
574,STJT,71.59,68.44,68.44,68.44,71.59,0.00,0.00%,20,691.6M,71.59,0.00%,-14.26%,24.10,1.47,1.4M,184
575,STL,809.22,820.00,820.00,800.00,809.22,0.00,0.00%,23,404.6M,809.22,0.00%,86.19%,7.50,0.00,75.0K,164
576,STPL,5.69,5.63,5.70,5.63,5.65,-0.04,-0.70%,"100,030",,,,,,,,
577,STYLERS,37.00,37.50,37.50,37.10,37.30,0.30,0.81%,"3,055",18.2B,37.30,0.81%,-24.96%,13.09,1.84,24.4M,"2,421"
578,SUTM,84.91,86.00,93.02,86.00,90.13,5.22,6.15%,"4,759",1.9B,90.13,6.15%,1.27%,12.75,0.00,2.1M,"2,026"
579,SYM,14.95,15.09,15.09,14.60,14.70,-0.25,-1.67%,"2,878,460",4.2B,14.70,-1.67%,301.64%,28.82,0.51,114.1M,"3,164,457"
580,SYM-APR,15.16,15.00,15.30,14.80,14.94,-0.22,-1.45%,"1,706,000",,,,,,,,
581,SYM-MAR,15.00,14.99,14.99,14.60,14.73,-0.27,-1.80%,"2,255,500",,,,,,,,
582,SYS,560.31,560.32,560.50,540.21,545.87,-14.44,-2.58%,"141,329",159.9B,545.87,-2.58%,39.25%,26.07,0.97,175.1M,"224,878"
583,SYS-APR,565.00,563.00,563.00,546.01,555.02,-9.98,-1.77%,"57,000",,,,,,,,
584,SYS-MAR,567.94,552.01,559.29,540.00,548.05,-19.89,-3.50%,"57,500",,,,,,,,
585,TATM,42.79,42.61,43.45,42.50,43.31,0.52,1.22%,"2,135",2.4B,43.31,1.21%,-38.04%,15.64,0.00,11.2M,"48,696"
586,TBL,13.50,13.54,13.95,13.40,13.46,-0.04,-0.30%,"2,183,333",11.9B,13.46,-0.30%,-65.57%,0.00,0.00,132.3M,"1,995,500"
587,TCORP,13.06,12.91,13.20,12.81,12.98,-0.08,-0.61%,"40,820",859.4M,12.98,-0.61%,-14.32%,18.54,0.00,23.2M,"61,049"
588,TCORPCPS,7.00,6.93,6.93,6.93,7.00,0.00,0.00%,3,,,,,,,,
589,TELE,7.75,7.88,7.88,7.68,7.73,-0.02,-0.26%,"1,641,223",2.6B,7.73,-0.26%,-16.34%,13.10,0.00,326.0M,"2,132,002"
590,TELE-APR,7.86,7.76,7.98,7.76,7.80,-0.06,-0.76%,"2,190,000",,,,,,,,
591,TELE-MAR,7.77,7.78,7.90,7.60,7.70,-0.07,-0.90%,"2,930,000",,,,,,,,
592,TGL,184.69,187.00,188.00,183.06,185.40,0.71,0.38%,"59,715",31.9B,185.40,0.38%,79.11%,8.14,1.26,68.9M,"941,182"
593,TGL-APRB,187.15,187.00,187.00,187.00,187.00,-0.15,-0.08%,"12,500",,,,,,,,
594,TGL-MARB,185.00,198.00,198.00,181.14,185.30,0.30,0.16%,"39,500",,,,,,,,
595,THALL,385.05,382.02,389.50,380.01,388.02,2.97,0.77%,"17,253",31.4B,388.02,0.77%,19.56%,11.16,2.42,40.5M,"9,719"
596,THCCL,221.68,222.10,224.00,215.00,217.19,-4.49,-2.03%,"692,420",21.7B,217.19,-2.02%,980.01%,8.40,0.88,29.9M,"727,982"
597,TICL,323.44,300.35,337.00,291.50,312.13,-11.31,-3.50%,392,4.7B,312.13,-3.50%,20.05%,10.74,0.80,223.6K,985
598,TOMCL,34.77,34.70,34.70,33.91,33.99,-0.78,-2.24%,"1,292,404",5.0B,33.99,-2.24%,2.63%,7.44,0.00,74.2M,"1,529,157"
599,TOMCL-APR,34.88,34.72,35.00,34.32,34.43,-0.45,-1.29%,"1,818,500",,,,,,,,
600,TOMCL-MARB,34.41,34.60,34.60,33.85,33.98,-0.43,-1.25%,"1,372,500",,,,,,,,
601,TOWL,126.10,127.59,129.50,126.51,128.10,2.00,1.59%,"10,886",2.2B,128.10,1.59%,-16.16%,13.94,5.20,3.4M,"13,890"
602,TPL,5.19,5.24,5.24,5.16,5.20,0.01,0.19%,"127,390",1.4B,5.20,0.19%,-1.89%,0.00,0.00,106.9M,"695,283"
603,TPLI,9.28,9.72,9.72,9.60,9.60,0.32,3.45%,"10,511",1.9B,9.60,3.45%,-24.76%,87.27,0.00,29.8M,"3,032"
604,TPLL,58.88,55.17,55.17,55.17,58.88,0.00,0.00%,397,13.2B,58.88,0.00%,265.03%,0.00,0.00,11.2M,895
605,TPLP,10.87,10.77,11.00,10.65,10.75,-0.12,-1.10%,"1,684,451",6.0B,10.75,-1.10%,2.97%,0.00,0.00,252.5M,"3,594,135"
606,TPLP-APR,11.03,11.00,11.80,10.80,10.84,-0.19,-1.72%,"1,661,500",,,,,,,,
607,TPLP-MAR,10.89,10.85,10.85,10.52,10.69,-0.20,-1.84%,"7,724,500",,,,,,,,
608,TPLP-MAY,11.18,11.02,11.03,11.02,11.03,-0.15,-1.34%,"5,610,000",,,,,,,,
609,TPLRF1,13.59,13.60,13.99,13.10,13.44,-0.15,-1.10%,"112,636",24.7B,13.44,-1.10%,-1.10%,21.68,0.00,1.2B,"373,900"
610,TPLT,6.90,6.90,6.95,6.83,6.90,0.00,0.00%,"21,086",1.3B,6.90,0.00%,15.97%,11.69,0.00,74.9M,"388,115"
611,TREET,22.80,22.80,22.99,22.23,22.29,-0.51,-2.24%,"3,151,098",8.3B,22.29,-2.24%,39.31%,12.05,0.00,185.5M,"6,296,116"
612,TREET-APR,23.10,23.00,23.15,22.51,22.60,-0.50,-2.16%,"3,508,000",,,,,,,,
613,TREET-MAR,22.80,22.75,23.00,22.20,22.31,-0.49,-2.15%,"3,715,000",,,,,,,,
614,TRG,65.14,65.25,66.75,63.85,66.01,0.87,1.34%,"8,993,849",36.0B,66.01,1.34%,-5.47%,0.00,0.00,354.5M,"6,979,265"
615,TRG-APRB,66.08,66.21,67.40,64.66,66.78,0.70,1.06%,"8,013,500",,,,,,,,
616,TRG-MARB,65.25,65.51,66.30,64.00,65.84,0.59,0.90%,"6,062,000",,,,,,,,
617,TRIPF,132.50,132.00,132.00,130.00,130.00,-2.50,-1.89%,"2,220",5.0B,130.00,-1.89%,-5.76%,0.00,0.00,7.8M,"4,909"
618,TRSM,4.34,4.30,4.47,3.54,4.33,-0.01,-0.23%,"380,954",129.0M,4.33,-0.23%,140.56%,5.68,13.40,23.8M,"394,984"
619,TSBL,10.84,11.50,11.92,11.50,11.92,1.08,9.96%,"3,498",357.6M,11.92,9.96%,8.36%,15.48,0.00,19.5M,"39,907"
620,TSPL,7.52,7.53,7.88,7.51,7.52,0.00,0.00%,"5,654",112.8M,7.52,0.00%,-21.67%,0.00,0.00,11.9M,"268,277"
621,UBDL,22.09,21.60,22.45,21.60,22.00,-0.09,-0.41%,"2,558",2.0B,22.00,-0.41%,83.49%,0.00,0.00,4.6M,"34,788"
622,UBL,400.02,400.00,414.00,396.10,410.89,10.87,2.72%,"554,546",503.0B,410.89,2.72%,126.37%,6.25,11.51,489.7M,"596,853"
623,UBL-APRB,396.99,408.00,408.00,405.00,405.00,8.01,2.02%,"1,500",,,,,,,,
624,UBL-MARB,390.00,400.00,408.01,400.00,408.01,18.01,4.62%,"6,500",,,,,,,,
625,UBLPETF,25.18,25.20,25.25,25.20,25.25,0.07,0.28%,"10,500",,,,,,,,
626,UCAPM,2.95,3.19,3.19,2.87,3.03,0.08,2.71%,"9,058",71.6M,3.03,2.71%,61.17%,0.00,0.00,5.9M,"33,724"
627,UDLI,7.12,7.12,7.50,7.11,7.18,0.06,0.84%,"4,121",252.2M,7.18,0.84%,0.84%,23.16,0.00,14.0M,"20,310"
628,UDPL,68.65,68.65,75.52,64.50,72.06,3.41,4.97%,"37,055",2.5B,72.06,4.97%,105.89%,4.34,10.84,5.3M,"5,608"
629,UNIC,17.76,17.90,19.54,17.50,18.29,0.53,2.98%,"475,886",6.3B,18.29,2.98%,42.89%,5.58,19.72,52.0M,"21,228"
630,UNITY,28.58,28.58,28.73,28.12,28.36,-0.22,-0.77%,"208,535",33.9B,28.36,-0.77%,20.63%,0.00,0.00,358.2M,"1,103,528"
631,UNITY-APR,29.02,28.70,29.25,28.35,28.50,-0.52,-1.79%,"741,000",,,,,,,,
632,UNITY-MAR,28.73,28.60,29.00,27.70,28.21,-0.52,-1.81%,"803,000",,,,,,,,
633,UPFL,"23,000.00","23,200.00","23,330.00","23,000.00","23,001.11",1.11,0.00%,325,146.5B,"23,001.11",0.01%,6.49%,21.01,8.84,311.0K,57
634,UVIC,10.30,10.77,10.77,9.46,9.71,-0.59,-5.73%,"29,638",485.5M,9.71,-5.73%,67.41%,0.00,0.00,5.0M,"104,807"
635,WAFI,195.24,197.90,197.90,191.00,191.73,-3.51,-1.80%,"49,224",41.0B,191.73,-1.80%,25.14%,12.44,2.35,32.1M,"55,848"
636,WAFI-APR,199.10,194.60,197.99,193.00,196.99,-2.11,-1.06%,"26,500",,,,,,,,
637,WAFI-MAR,195.50,190.00,193.00,190.00,193.00,-2.50,-1.28%,"14,500",,,,,,,,
638,WAHN,223.27,220.21,225.00,220.00,222.78,-0.49,-0.22%,"3,187",2.0B,222.78,-0.22%,23.77%,4.35,3.37,3.2M,"1,692"
639,WAVES,8.00,8.08,8.08,7.75,7.94,-0.06,-0.75%,"1,236,925",2.2B,7.94,-0.75%,9.82%,8.02,0.00,182.9M,"810,193"
640,WAVES-APR,8.08,8.08,8.38,7.86,8.00,-0.08,-0.99%,"4,208,500",,,,,,,,
641,WAVES-MAR,8.01,8.00,8.39,7.35,7.92,-0.09,-1.12%,"4,922,000",,,,,,,,
642,WAVESAPP,10.91,10.95,10.95,10.70,10.82,-0.09,-0.82%,"369,967",2.9B,10.82,-0.83%,64.44%,24.04,0.00,120.5M,"921,315"
643,WAVESAPP-APR,11.08,11.09,11.90,10.86,11.81,0.73,6.59%,"97,000",,,,,,,,
644,WAVESAPP-MAR,11.70,11.44,11.75,10.75,11.56,-0.14,-1.20%,"88,500",,,,,,,,
645,WTL,1.34,1.33,1.35,1.31,1.32,-0.02,-1.49%,"16,227,931",6.6B,1.32,-1.49%,2.33%,0.00,0.00,4.2B,"18,943,649"
646,WTL-APR,1.35,1.34,1.35,1.33,1.34,-0.01,-0.74%,"13,844,500",,,,,,,,
647,WTL-MAR,1.34,1.31,1.33,1.31,1.32,-0.02,-1.49%,"18,263,000",,,,,,,,
648,YOUW,3.81,3.87,3.87,3.75,3.79,-0.02,-0.52%,"217,410",515.4M,3.79,-0.52%,13.13%,0.00,0.00,74.8M,"912,356"
649,YOUW-MAR,3.81,3.78,3.78,3.71,3.73,-0.08,-2.10%,"3,000",,,,,,,,
650,ZAHID,26.10,27.98,27.98,27.98,26.10,0.00,0.00%,53,5.0B,26.10,0.00%,-3.97%,5.63,0.00,5.9M,663
651,ZAL,15.42,15.90,15.90,15.21,15.26,-0.16,-1.04%,"406,918",4.0B,15.26,-1.04%,-1.04%,0.52,0.00,65.6M,"476,928"
652,ZIL,211.25,211.24,213.79,211.24,212.25,1.00,0.47%,146,1.3B,212.25,0.47%,-22.25%,30.28,0.97,306.1K,"1,135"
653,ZTL,11.40,12.54,12.54,11.75,12.00,0.60,5.26%,"19,038",713.1M,12.00,5.26%,-0.83%,0.00,0.00,8.9M,923
